Workbook

Sheet Sheet_2
B2: Text_7 | H2: 365 | I2: 93.551705 | J2: 78.479079 | K2: 78.478201 | L2: 74.914243 | M2: 365 | N2: 103.18234 | O2: 94.680586 | P2: 98.573842 | Q2: 73.549276 | R2: {=R3-M3} | S2: 106.91675 | T2: 103.10091 | U2: 80.529144 | V2: 79.418429 | W2: {=W3-R3} | X2: 78.602562 | Y2: 83.874418 | Z2: 91.901134 | AA2: 88.522799 | AB2: {=AB3-W3} | AC2: 0 | AD2: 0 | AE2: 0 | AF2: 0 | AG2: 0 | AH2: 0 | AI2: 0 | AJ2: 0 | AK2: 0 | AL2: 0 | AM2: 0 | AN2: 0 | AO2: 0 | AP2: 0 | AQ2: 0 | AR2: 0 | AS2: {=AN2} | AT2: 83.400741 | AU2: 0 | AV2: 0 | AW2: 0 | AX2: {=AS2} | AY2: 95.071445 | AZ2: 0 | BA2: 0 | BB2: 0 | BC2: {=AX2} | BD2: 77.877577 | BE2: 83.434065 | BF2: 0 | BG2: {=BB2} | BH2: {=BC2} | BI2: 86.135571 | BJ2: 89.400947 | BK2: 0 | BL2: {=BG2} | BM2: {=BH2} | BN2: 101.3804 | BO2: 80.068126 | BP2: 0 | BQ2: {=BL2} | BR2: {=BM2} | BS2: 91.518134 | BT2: 94.36389 | BU2: 0 | BV2: {=BQ2} | BW2: {=BR2} | BX2: 74.490795 | BY2: 94.914633 | BZ2: 0 | CA2: Text_8 | CB2: Text_9
B3: 0 | H3: 42185 | I3: {=H3+I2} | J3: {=I3+J2} | K3: {=J3+K2} | L3: {=K3+L2} | M3: {=EOMONTH(H3,12)} | N3: {=M3+N2} | O3: {=N3+O2} | P3: {=O3+P2} | Q3: {=P3+Q2} | R3: {=EOMONTH(M3,12)} | S3: {=R3+S2} | T3: {=S3+T2} | U3: {=T3+U2} | V3: {=U3+V2} | W3: {=EOMONTH(R3,12)} | X3: {=W3+X2} | Y3: {=X3+Y2} | Z3: {=Y3+Z2} | AA3: {=Z3+AA2} | AB3: {=EOMONTH(W3,12)} | AC3: {=EOMONTH(AB3,3)} | AD3: {=EOMONTH(AC3,3)} | AE3: {=EOMONTH(AD3,3)} | AF3: {=EOMONTH(AE3,3)} | AG3: {=EOMONTH(AB3,12)} | AH3: {=EOMONTH(AG3,3)} | AI3: {=EOMONTH(AH3,3)} | AJ3: {=EOMONTH(AI3,3)} | AK3: {=EOMONTH(AJ3,3)} | AL3: {=EOMONTH(AG3,12)} | AM3: {=EOMONTH(AL3,3)} | AN3: {=EOMONTH(AM3,3)} | AO3: {=EOMONTH(AN3,3)} | AP3: {=EOMONTH(AO3,3)} | AQ3: {=EOMONTH(AL3,12)} | AR3: {=EOMONTH(AQ3,3)} | AS3: {=AR3+AS2} | AT3: {=AS3+AT2} | AU3: {=EOMONTH(AT3,3)} | AV3: {=EOMONTH(AQ3,12)} | AW3: {=EOMONTH(AV3,3)} | AX3: {=AW3+AX2} | AY3: {=AX3+AY2} | AZ3: {=EOMONTH(AY3,3)} | BA3: {=EOMONTH(AV3,12)} | BB3: {=EOMONTH(BA3,3)} | BC3: {=BB3+BC2} | BD3: {=BC3+BD2} | BE3: {=BD3+BE2} | BF3: {=EOMONTH(BA3,12)} | BG3: {=BF3+BG2} | BH3: {=BG3+BH2} | BI3: {=BH3+BI2} | BJ3: {=BI3+BJ2} | BK3: {=EOMONTH(BF3,12)} | BL3: {=BK3+BL2} | BM3: {=BL3+BM2} | BN3: {=BM3+BN2} | BO3: {=BN3+BO2} | BP3: {=EOMONTH(BK3,12)} | BQ3: {=BP3+BQ2} | BR3: {=BQ3+BR2} | BS3: {=BR3+BS2} | BT3: {=BS3+BT2} | BU3: {=EOMONTH(BP3,12)} | BV3: {=BU3+BV2} | BW3: {=BV3+BW2} | BX3: {=BW3+BX2} | BY3: {=BX3+BY2} | BZ3: {=EOMONTH(BU3,12)} | CA3: Text_10
H4: FY15 | I4: Q116 | J4: Q216 | K4: Q316 | L4: Q416 | M4: FY16 | N4: {=LEFT(I4,2)&RIGHT(I4,2)+1} | O4: {=LEFT(J4,2)&RIGHT(J4,2)+1} | P4: {=LEFT(K4,2)&RIGHT(K4,2)+1} | Q4: {=LEFT(L4,2)&RIGHT(L4,2)+1} | R4: {=LEFT(M4,2)&RIGHT(M4,2)+1} | S4: {=LEFT(N4,2)&RIGHT(N4,2)+1} | T4: {=LEFT(O4,2)&RIGHT(O4,2)+1} | U4: {=LEFT(P4,2)&RIGHT(P4,2)+1} | ... AR4: {=LEFT(AM4,2)&RIGHT(AM4,2)+1} | AS4: Q223 | AT4: Q323 | AU4: {=LEFT(AP4,2)&RIGHT(AP4,2)+1} | AV4: {=LEFT(AQ4,2)&RIGHT(AQ4,2)+1} | AW4: {=LEFT(AR4,2)&RIGHT(AR4,2)+1} | AX4: Q224 | AY4: Q324 | AZ4: {=LEFT(AU4,2)&RIGHT(AU4,2)+1} | BA4: {=LEFT(AV4,2)&RIGHT(AV4,2)+1} | BB4: {=LEFT(AW4,2)&RIGHT(AW4,2)+1} | BC4: Q225 | BD4: Q325 | BE4: Q425 | BF4: {=LEFT(BA4,2)&RIGHT(BA4,2)+1} | BG4: Q126 | BH4: Q226 | BI4: Q326 | BJ4: Q426 | BK4: {=LEFT(BF4,2)&RIGHT(BF4,2)+1} | BL4: Q126 | BM4: Q226 | BN4: Q326 | BO4: Q426 | BP4: {=LEFT(BK4,2)&RIGHT(BK4,2)+1} | BQ4: Q126 | BR4: Q226 | BS4: Q326 | BT4: Q426 | BU4: {=LEFT(BP4,2)&RIGHT(BP4,2)+1} | BV4: Q126 | BW4: Q226 | BX4: Q326 | BY4: Q426 | BZ4: {=LEFT(BU4,2)&RIGHT(BU4,2)+1} | CA4: 0
H5: A | I5: A | J5: A | K5: A | L5: A | M5: A | N5: A | O5: A | P5: A | Q5: A | R5: A | S5: A | T5: A | U5: A | V5: A | W5: A | X5: A | Y5: A | Z5: A | AA5: A | AB5: A | AC5: A | AD5: A | AE5: A | AF5: A | AG5: A | AH5: A | AI5: A | AJ5: A | AK5: A | AL5: A | AM5: A | AN5: A | AO5: A | AP5: A | AQ5: A | AR5: A | AS5: A | AT5: A | AU5: A | AV5: A | AW5: A | AX5: A | AY5: A | AZ5: A | BA5: A | BB5: A | BC5: A | BD5: E | BE5: E | BF5: E | BG5: E | BH5: E | BI5: E | BJ5: E | BK5: E | BL5: E | BM5: E | BN5: E | BO5: E | BP5: E | BQ5: E | BR5: E | BS5: E | BT5: E | BU5: E | BV5: E | BW5: E | BX5: E | BY5: E | BZ5: E | CA5: {=BC269*CA4}
B6: Text_11 | I6: {=H3} | J6: {=I3} | K6: {=J3} | L6: {=K3} | M6: {=H3} | N6: {=M3} | O6: {=N3} | P6: {=O3} | Q6: {=P3} | R6: {=M3} | S6: {=R3} | T6: {=S3} | U6: {=T3} | V6: {=U3} | W6: {=R3} | X6: {=W3} | Y6: {=X3} | Z6: {=Y3} | AA6: {=Z3} | AB6: {=W3} | AC6: {=AB3} | AD6: {=AC3} | AE6: {=AD3} | AF6: {=AE3} | AG6: {=AB3} | AH6: {=AG3} | AI6: {=AH3} | AJ6: {=AI3} | AK6: {=AJ3} | AL6: {=AG3} | AM6: {=AL3} | AN6: {=AM3} | AO6: {=AN3} | AP6: {=AO3} | AQ6: {=AL3} | AR6: {=AQ7} | AS6: {=AR3} | AT6: {=AS3} | AU6: {=AT3} | AV6: {=AQ3} | AW6: {=AV7} | AZ6: {=AY3} | BA6: {=AV3}
B7: Text_12 | I7: {=I3} | J7: {=J3} | K7: {=K3} | L7: {=L3} | M7: {=M3} | N7: {=N3} | O7: {=O3} | P7: {=P3} | ... AW7: {=AW3} | AZ7: {=AZ3} | BA7: {=BA3}
B9: Text_13
B10: Text_14 | I10: 0 | J10: 0 | K10: 0 | L10: 0 | M10: {=AVERAGE(I10:L10)} | N10: 0 | O10: 0 | P10: 0 | Q10: 0 | R10: {=AVERAGE(N10:Q10)} | S10: 0 | T10: 0 | U10: 0 | V10: 0 | W10: {=AVERAGE(S10:V10)} | X10: 0 | Y10: 0 | Z10: 0 | AA10: 0 | AB10: {=AVERAGE(X10:AA10)} | AC10: 0 | AD10: 0 | AE10: 0 | AF10: 0 | AG10: {=AVERAGE(AC10:AF10)} | AH10: 0 | AI10: 0 | AJ10: 0 | AK10: 0 | AL10: {=AVERAGE(AH10:AK10)} | AM10: 0 | AN10: 0 | AO10: 0 | AP10: 0 | AQ10: {=AVERAGE(AM10:AP10)} | AR10: 0 | AS10: 0 | AT10: 0 | AU10: 0 | AV10: {=AVERAGE(AR10:AU10)} | AW10: 0 | AZ10: 0 | BA10: {=AVERAGE(AW10:AZ10)} | BF10: 0
B11: Text_15 | N11: {=N10/I10-1} | O11: {=O10/J10-1} | P11: {=P10/K10-1} | Q11: {=Q10/L10-1} | R11: {=R10/M10-1} | S11: {=S10/N10-1} | T11: {=T10/O10-1} | U11: {=U10/P10-1} | ... AW11: {=AW10/AR10-1} | AZ11: {=AZ10/AU10-1} | BA11: {=BA10/AV10-1} | BF11: {=BF10/BA10-1}
B12: Text_16 | I12: 0 | J12: 0 | K12: 0 | L12: 0 | M12: {=AVERAGE(I12:L12)} | N12: 0 | O12: 0 | P12: 0 | Q12: 0 | R12: {=AVERAGE(N12:Q12)} | S12: 0 | T12: 0 | U12: 0 | V12: 0 | W12: {=AVERAGE(S12:V12)} | X12: 0 | Y12: 0 | Z12: 0 | AA12: 0 | AB12: {=AVERAGE(X12:AA12)} | AC12: 0 | AD12: 0 | AE12: 0 | AF12: 0 | AG12: {=AVERAGE(AC12:AF12)} | AH12: 0 | AI12: 0 | AJ12: 0 | AK12: 0 | AL12: {=AVERAGE(AH12:AK12)} | AM12: 0 | AN12: 0 | AO12: 0 | AP12: 0 | AQ12: {=AVERAGE(AM12:AP12)} | AR12: 0 | AS12: 0 | AT12: 0 | AU12: 0 | AV12: {=AVERAGE(AR12:AU12)} | AW12: 0 | AZ12: 0 | BA12: {=AVERAGE(AW12:AZ12)} | BF12: 0
B13: Text_15 | N13: {=N12/I12-1} | O13: {=O12/J12-1} | P13: {=P12/K12-1} | Q13: {=Q12/L12-1} | R13: {=R12/M12-1} | S13: {=S12/N12-1} | T13: {=T12/O12-1} | U13: {=U12/P12-1} | ... AW13: {=AW12/AR12-1} | AZ13: {=AZ12/AU12-1} | BA13: {=BA12/AV12-1} | BF13: {=BF12/BA12-1}
B14: Text_17 | I14: 0 | J14: 0 | K14: 0 | L14: 0 | M14: {=AVERAGE(I14:L14)} | N14: 0 | O14: 0 | P14: 0 | Q14: 0 | R14: {=AVERAGE(N14:Q14)} | S14: 0 | T14: 0 | U14: 0 | V14: 0 | W14: {=AVERAGE(S14:V14)} | X14: 0 | Y14: 0 | Z14: 0 | AA14: 0 | AB14: {=AVERAGE(X14:AA14)} | AC14: 0 | AD14: 0 | AE14: 0 | AF14: 0 | AG14: {=AVERAGE(AC14:AF14)} | AH14: 0 | AI14: 0 | AJ14: 0 | AK14: 0 | AL14: {=AVERAGE(AH14:AK14)} | AM14: 0 | AN14: 0 | AO14: 0 | AP14: 0 | AQ14: {=AVERAGE(AM14:AP14)} | AR14: 0 | AS14: 0 | AT14: 0 | AU14: 0 | AV14: {=AVERAGE(AR14:AU14)} | AW14: 0 | AZ14: 0 | BA14: {=AVERAGE(AW14:AZ14)} | BF14: 0
B15: Text_15 | N15: {=N14/I14-1} | O15: {=O14/J14-1} | P15: {=P14/K14-1} | Q15: {=Q14/L14-1} | R15: {=R14/M14-1} | S15: {=S14/N14-1} | T15: {=T14/O14-1} | U15: {=U14/P14-1} | ... AW15: {=AW14/AR14-1} | AZ15: {=AZ14/AU14-1} | BA15: {=BA14/AV14-1} | BF15: {=BF14/BA14-1}
B16: Text_18 | I16: 0 | J16: 0 | K16: 0 | L16: 0 | M16: {=AVERAGE(I16:L16)} | N16: 0 | O16: 0 | P16: 0 | Q16: 0 | R16: {=AVERAGE(N16:Q16)} | S16: 0 | T16: 0 | U16: 0 | V16: 0 | W16: {=AVERAGE(S16:V16)} | X16: 0 | Y16: 0 | Z16: 0 | AA16: 0 | AB16: {=AVERAGE(X16:AA16)} | AC16: 0 | AD16: 0 | AE16: 0 | AF16: 0 | AG16: {=AVERAGE(AC16:AF16)} | AH16: 0 | AI16: 0 | AJ16: 0 | AK16: 0 | AL16: {=AVERAGE(AH16:AK16)} | AM16: 0 | AN16: 0 | AO16: 0 | AP16: 0 | AQ16: {=AVERAGE(AM16:AP16)} | AR16: 0 | AS16: 0 | AT16: 0 | AU16: 0 | AV16: {=AVERAGE(AR16:AU16)} | AW16: 0 | AZ16: 0 | BA16: {=AVERAGE(AW16:AZ16)} | BF16: 0
B17: Text_15 | N17: {=N16/I16-1} | O17: {=O16/J16-1} | P17: {=P16/K16-1} | Q17: {=Q16/L16-1} | R17: {=R16/M16-1} | S17: {=S16/N16-1} | T17: {=T16/O16-1} | U17: {=U16/P16-1} | ... AW17: {=AW16/AR16-1} | AZ17: {=AZ16/AU16-1} | BA17: {=BA16/AV16-1} | BF17: {=BF16/BA16-1}
B18: Text_19 | I18: 0 | J18: 0 | K18: 0 | L18: 0 | M18: {=AVERAGE(I18:L18)} | N18: 0 | O18: 0 | P18: 0 | Q18: 0 | R18: {=AVERAGE(N18:Q18)} | S18: 0 | T18: 0 | U18: 0 | V18: 0 | W18: {=AVERAGE(S18:V18)} | X18: 0 | Y18: 0 | Z18: 0 | AA18: 0 | AB18: {=AVERAGE(X18:AA18)} | AC18: 0 | AD18: 0 | AE18: 0 | AF18: 0 | AG18: {=AVERAGE(AC18:AF18)} | AH18: 0 | AI18: 0 | AJ18: 0 | AK18: 0 | AL18: {=AVERAGE(AH18:AK18)} | AM18: 0 | AN18: 0 | AO18: 0 | AP18: 0 | AQ18: {=AVERAGE(AM18:AP18)} | AR18: 0 | AS18: 0 | AT18: 0 | AU18: 0 | AV18: {=AVERAGE(AR18:AU18)} | AW18: 0 | AZ18: 0 | BA18: {=AVERAGE(AW18:AZ18)} | BF18: 0
B19: Text_15 | N19: {=N18/I18-1} | O19: {=O18/J18-1} | P19: {=P18/K18-1} | Q19: {=Q18/L18-1} | R19: {=R18/M18-1} | S19: {=S18/N18-1} | T19: {=T18/O18-1} | U19: {=U18/P18-1} | ... AW19: {=AW18/AR18-1} | AZ19: {=AZ18/AU18-1} | BA19: {=BA18/AV18-1} | BF19: {=BF18/BA18-1}
B20: Text_20 | I20: {=(I24*I11)+(I27*I13)+(I30*I17)+(I36*I19)+(I39*I15)} | J20: {=(J24*J11)+(J27*J13)+(J30*J17)+(J36*J19)+(J39*J15)} | K20: {=(K24*K11)+(K27*K13)+(K30*K17)+(K36*K19)+(K39*K15)} | L20: {=(L24*L11)+(L27*L13)+(L30*L17)+(L36*L19)+(L39*L15)} | M20: {=(M24*M11)+(M27*M13)+(M30*M17)+(M36*M19)+(M39*M15)} | N20: {=(N24*N11)+(N27*N13)+(N30*N17)+(N36*N19)+(N39*N15)} | O20: {=(O24*O11)+(O27*O13)+(O30*O17)+(O36*O19)+(O39*O15)} | P20: {=(P24*P11)+(P27*P13)+(P30*P17)+(P36*P19)+(P39*P15)} | ... AW20: {=(AW24*AW11)+(AW27*AW13)+(AW30*AW17)+(AW36*AW19)+(AW39*AW15)} | AZ20: {=(AZ24*AZ11)+(AZ27*AZ13)+(AZ30*AZ17)+(AZ36*AZ19)+(AZ39*AZ15)} | BA20: {=(BA24*BA11)+(BA27*BA13)+(BA30*BA17)+(BA36*BA19)+(BA39*BA15)} | BF20: {=($AV$24*BF11)+($AV$27*BF13)+($AV$30*BF17)+($AV$36*BF19)+($AV$39*BF15)}
B21: Text_21
B22: Text_22 | I22: 65.421334 | J22: 75.508198 | K22: 85.318336 | L22: 226.54938 | M22: 483.12747 | N22: 78.99202 | O22: 61.379564 | P22: 124.3981 | Q22: 134.10785 | R22: 349.79509 | S22: 168.01423 | T22: 54.082184 | U22: 167.29872 | V22: 238.95453 | W22: 684.83588 | X22: 314.51661 | Y22: 272.04437 | Z22: 210.01599 | AA22: 349.25423 | AB22: 1444.1767 | AC22: 376.55151 | AD22: 443.70355 | AE22: 412.21299 | AF22: 394.35517 | AG22: 1697.1038 | AH22: 411.31473 | AI22: 333.52596 | AJ22: 295.13006 | AK22: 573.10158 | AL22: 1766.6312 | AM22: 624.77229 | AN22: 612.25749 | AO22: 668.83675 | AP22: 657.9623 | AQ22: 2705.8741 | AR22: 723.26538 | AS22: 764.10419 | AT22: 524.84312 | AU22: 849.54591 | AV22: 3179.7015 | AW22: 906.47866 | AX22: {=AX24*AX$43} | AY22: {=AY24*AY$43} | AZ22: {=AZ24*AZ$43} | BA22: {=AZ22+AY22+AX22+AW22} | BB22: {=BB24*BB$43} | BC22: {=BC24*BC212} | BD22: {=BD24*BD43} | BE22: {=BE24*BE43} | BF22: {=BE22+BD22+BC22+BB22} | BG22: {=BG24*BG43} | BH22: {=BH24*BH43} | BI22: {=BI24*BI43} | BJ22: {=BJ24*BJ43} | BK22: {=BJ22+BI22+BH22+BG22} | BL22: {=BL24*BL43} | BM22: {=BM24*BM43} | BN22: {=BN24*BN43} | BO22: {=BO24*BO43} | BP22: {=BO22+BN22+BM22+BL22} | BQ22: {=BQ24*BQ43} | BR22: {=BR24*BR43} | BS22: {=BS24*BS43} | BT22: {=BT24*BT43} | BU22: {=BT22+BS22+BR22+BQ22} | BV22: {=BV24*BV43} | BW22: {=BW24*BW43} | BX22: {=BX24*BX43} | BY22: {=BY24*BY43} | BZ22: {=BY22+BX22+BW22+BV22} | CA22: Text_23
B23: Text_24 | N23: {=N22/I22-1} | O23: {=O22/J22-1} | P23: {=P22/K22-1} | Q23: {=Q22/L22-1} | R23: {=R22/M22-1} | S23: {=S22/N22-1} | T23: {=T22/O22-1} | U23: {=U22/P22-1} | ... BZ23: {=BZ22/BU22-1}
B24: Text_25 | I24: {=I22/I$43} | J24: {=J22/J$43} | K24: {=K22/K$43} | L24: {=L22/L$43} | M24: {=M22/M$43} | N24: {=N22/N$43} | O24: {=O22/O$43} | P24: {=P22/P$43} | ... AW24: {=AW22/AW$43} | AX24: 0.38296854 | AY24: 0.43766584 | AZ24: 0.45213563 | BA24: {=BA22/$BA$43} | BB24: 0.4328244 | BC24: 0.37302098 | BD24: 0.28296179 | BE24: 0.28452734 | BF24: {=BF22/BF43} | BG24: 0.27514694 | BH24: 0.29355586 | BI24: 0.27443873 | BJ24: 0.2541378 | BK24: {=BK22/BK43} | BL24: 0.23545195 | BM24: 0.24369941 | BN24: 0.24417278 | BO24: 0.25765354 | BP24: {=BP22/BP43} | BQ24: 0.23421843 | BR24: 0.24187452 | BS24: 0.22914792 | BT24: 0.21833422 | BU24: {=BU22/BU43} | BV24: 0.22625518 | BW24: 0.22764969 | BX24: 0.22179746 | BY24: 0.22794837 | BZ24: {=BZ22/BZ43}
B25: Text_26 | I25: 253.41652 | J25: 253.64969 | K25: 143.2958 | L25: 195.71463 | M25: 754.25161 | N25: 222.39437 | O25: 354.39472 | P25: 287.76425 | Q25: 184.33981 | R25: 1284.3384 | S25: 124.66387 | T25: 209.01973 | U25: 172.41814 | V25: 111.06993 | W25: 528.68527 | X25: 233.039 | Y25: 230.41558 | Z25: 322.86088 | AA25: 347.36224 | AB25: 1164.7292 | AC25: 438.32476 | AD25: 507.84135 | AE25: 298.90532 | AF25: 439.08372 | AG25: 1580.1852 | AH25: 414.68002 | AI25: 439.85846 | AJ25: 367.94138 | AK25: 455.0385 | AL25: 1501.5667 | AM25: 606.92393 | AN25: 875.12648 | AO25: 602.35026 | AP25: 499.07661 | AQ25: 2560.5601 | AR25: 711.29368 | AS25: 683.51947 | AT25: 412.54412 | AU25: 464.89649 | AV25: 2935.1157 | AW25: 378.66583 | AX25: {=AX27*AX$43} | AY25: {=AY27*AY$43} | AZ25: {=AZ27*AZ$43} | BA25: {=AZ25+AY25+AX25+AW25} | BB25: {=BB27*BB$43} | BC25: {=BC27*BC$43}
B26: Text_24 | N26: {=N25/I25-1} | O26: {=O25/J25-1} | P26: {=P25/K25-1} | Q26: {=Q25/L25-1} | R26: {=R25/M25-1} | S26: {=S25/N25-1} | T26: {=T25/O25-1} | U26: {=U25/P25-1} | ... BC26: {=BC25/AX25-1}
B27: Text_25 | I27: {=I25/I$43} | J27: {=J25/J$43} | K27: {=K25/K$43} | L27: {=L25/L$43} | M27: {=M25/M$43} | N27: {=N25/N$43} | O27: {=O25/O$43} | P27: {=P25/P$43} | ... AW27: {=AW25/AW$43} | AX27: 0.15037581 | AY27: 0.18487246 | AZ27: 0.19636346 | BA27: {=BA25/$BA$43} | BB27: 0.17006468 | BC27: 0.3078813
B28: Text_27 | I28: 66.142052 | J28: 79.789088 | K28: 77.624271 | L28: 119.04293 | M28: 299.75236 | N28: 141.00937 | O28: 96.949781 | P28: 131.65488 | Q28: 269.53653 | R28: 800.46412 | S28: 246.06335 | T28: 231.80651 | U28: 312.73701 | V28: 381.77751 | W28: 1056.9954 | X28: 164.07019 | Y28: 140.25493 | Z28: 175.86936 | AA28: 116.91171 | AB28: 553.20033 | AC28: 208.35012 | AD28: 190.80909 | AE28: 303.31156 | AF28: 256.28167 | AG28: 1116.6094 | AH28: 171.39833 | AI28: 303.21126 | AJ28: 456.45579 | AK28: 259.41329 | AL28: 1436.0291 | AM28: 201.70763 | AN28: 330.96143 | AO28: 428.04111 | AP28: 420.98268 | AQ28: 1268.0287 | AR28: 439.87532 | AS28: 564.16314 | AT28: 542.93738 | AU28: 366.87212 | AV28: 1775.1932 | AW28: 182.37251 | AX28: {=AX30*AX$43} | AY28: {=AY30*AY$43} | AZ28: {=AZ30*AZ$43} | BA28: {=AZ28+AY28+AX28+AW28} | BB28: {=BB30*BB$43} | BC28: {=BC30*BC$43}
B29: Text_24 | N29: {=N28/I28-1} | O29: {=O28/J28-1} | P29: {=P28/K28-1} | Q29: {=Q28/L28-1} | R29: {=R28/M28-1} | S29: {=S28/N28-1} | T29: {=T28/O28-1} | U29: {=U28/P28-1} | ... BC29: {=BC28/AX28-1}
B30: Text_25 | I30: {=I28/I$43} | J30: {=J28/J$43} | K30: {=K28/K$43} | L30: {=L28/L$43} | M30: {=M28/M$43} | N30: {=N28/N$43} | O30: {=O28/O$43} | P30: {=P28/P$43} | ... AW30: {=AW28/AW$43} | AX30: 0.1267951 | AY30: 0.094528072 | AZ30: 0.067740789 | BA30: {=BA28/$BA$43} | BB30: 0.081706496 | BC30: 0.12507556
B31: Text_28 | I31: 111.61935 | J31: 118.11343 | K31: 146.94176 | L31: 110.12735 | M31: 604.16799 | N31: 101.24315 | O31: 161.31643 | P31: 110.40501 | Q31: 154.66538 | R31: 570.2961 | S31: 149.7806 | T31: 172.11885 | U31: 126.18077 | V31: 108.38776 | W31: 412.10116 | X31: 88.305992 | Y31: 174.04427 | Z31: 163.50025 | AA31: 150.59816 | AB31: 501.37076 | AC31: 195.7608 | AD31: 133.16803 | AE31: 135.38417 | AF31: 163.69309 | AG31: 718.17063 | AH31: 179.53587 | AI31: 190.94293 | AJ31: 195.68623 | AK31: 189.54136 | AL31: 721.84165 | AM31: 206.03675 | AN31: 299.21308 | AO31: 260.83797 | AP31: 264.35159 | AQ31: 973.28882 | AR31: 205.34608 | AS31: 347.24068 | AT31: 308.57957 | AU31: 281.11356 | AV31: 1492.399 | AW31: 229.446 | AX31: {=AX33*AX$43} | AY31: {=AY33*AY$43} | AZ31: {=AZ33*AZ$43} | BA31: {=AZ31+AY31+AX31+AW31} | BB31: {=BB33*BB$43} | BC31: {=BC33*BC$43} | CA31: Text_29
B32: Text_24 | N32: {=N31/I31-1} | O32: {=O31/J31-1} | P32: {=P31/K31-1} | Q32: {=Q31/L31-1} | R32: {=R31/M31-1} | S32: {=S31/N31-1} | T32: {=T31/O31-1} | U32: {=U31/P31-1} | ... BC32: {=BC31/AX31-1}
B33: Text_25 | I33: {=I31/I$43} | J33: {=J31/J$43} | K33: {=K31/K$43} | L33: {=L31/L$43} | M33: {=M31/M$43} | N33: {=N31/N$43} | O33: {=O31/O$43} | P33: {=P31/P$43} | ... AW33: {=AW31/AW$43} | AX33: 0.11575002 | AY33: 0.10174852 | AZ33: 0.12471698 | BA33: {=BA31/$BA$43} | BB33: 0.18006329 | BC33: 0.090922847
B34: Text_30 | I34: 71.403653 | J34: 95.822356 | K34: 157.07024 | L34: 108.78098 | M34: 359.69342 | N34: 110.88127 | O34: 59.091138 | P34: 101.95511 | Q34: 108.56278 | R34: 409.48248 | S34: 138.82968 | T34: 124.76644 | U34: 233.17147 | V34: 134.12804 | W34: 757.51513 | X34: 160.72067 | Y34: 205.73964 | Z34: 134.05914 | AA34: 114.10212 | AB34: 663.20746 | AC34: 196.4862 | AD34: 170.28686 | AE34: 160.19489 | AF34: 137.14568 | AG34: 735.09352 | AH34: 173.99129 | AI34: 138.48663 | AJ34: 169.80766 | AK34: 184.23238 | AL34: 557.03173 | AM34: 167.92931 | AN34: 216.62061 | AO34: 150.54555 | AP34: 241.44387 | AQ34: 774.03956 | AR34: 205.70414 | AS34: 247.47489 | AT34: 246.02668 | AU34: 207.98211 | AV34: 1018.4024 | AW34: 279.31638 | AX34: {=AX36*AX$43} | AY34: {=AY36*AY$43} | AZ34: {=AZ36*AZ$43} | BA34: {=AZ34+AY34+AX34+AW34} | BB34: {=BB36*BB$43} | BC34: {=BC36*BC$43}
B35: Text_24 | N35: {=N34/I34-1} | O35: {=O34/J34-1} | P35: {=P34/K34-1} | Q35: {=Q34/L34-1} | R35: {=R34/M34-1} | S35: {=S34/N34-1} | T35: {=T34/O34-1} | U35: {=U34/P34-1} | ... BC35: {=BC34/AX34-1}
B36: Text_25 | I36: {=I34/I$43} | J36: {=J34/J$43} | K36: {=K34/K$43} | L36: {=L34/L$43} | M36: {=M34/M$43} | N36: {=N34/N$43} | O36: {=O34/O$43} | P36: {=P34/P$43} | ... AW36: {=AW34/AW$43} | AX36: 0.12018148 | AY36: 0.11002224 | AZ36: 0.072784088 | BA36: {=BA34/$BA$43} | BB36: 0.071399663 | BC36: 0.071885024
B37: Text_31 | I37: 44.560462 | J37: 47.783348 | K37: 35.392571 | L37: 46.475905 | M37: 140.66198 | N37: 35.939163 | O37: 76.095378 | P37: 90.708365 | Q37: 44.269477 | R37: 241.26577 | S37: 86.539013 | T37: 66.728736 | U37: 43.226824 | V37: 92.781139 | W37: 284.0565 | X37: 60.97772 | Y37: 81.335283 | Z37: 84.267636 | AA37: 68.764017 | AB37: 320.96206 | AC37: 47.159349 | AD37: 74.326011 | AE37: 72.091157 | AF37: 89.003428 | AG37: 322.69676 | AH37: 83.888373 | AI37: 117.90588 | AJ37: 90.776693 | AK37: 107.34685 | AL37: 426.76915 | AM37: 75.712745 | AN37: 160.66393 | AO37: 133.19357 | AP37: 161.1686 | AQ37: 719.54916 | AR37: 185.4339 | AS37: 182.90999 | AT37: 210.96138 | AU37: 121.07857 | AV37: 588.36487 | AW37: 151.02453 | AX37: {=AX39*AX$43} | AY37: {=AY39*AY$43} | AZ37: {=AZ39*AZ$43} | BA37: {=AZ37+AY37+AX37+AW37} | BB37: {=BB39*BB$43} | BC37: {=BC39*BC$43}
B38: Text_24 | N38: {=N37/I37-1} | O38: {=O37/J37-1} | P38: {=P37/K37-1} | Q38: {=Q37/L37-1} | R38: {=R37/M37-1} | S38: {=S37/N37-1} | T38: {=T37/O37-1} | U38: {=U37/P37-1} | ... BC38: {=BC37/AX37-1}
B39: Text_25 | I39: {=I37/I$43} | J39: {=J37/J$43} | K39: {=K37/K$43} | L39: {=L37/L$43} | M39: {=M37/M$43} | N39: {=N37/N$43} | O39: {=O37/O$43} | P39: {=P37/P$43} | ... AW39: {=AW37/AW$43} | AX39: 0.050328178 | AY39: 0.061716767 | AZ39: 0.051067983 | BA39: {=BA37/$BA$43} | BB39: 0.048532893 | BC39: 0.042425948
B40: Text_32 | I40: 20.961339 | J40: 20.846594 | K40: 65.025578 | L40: 54.860076 | M40: 142.47917 | N40: 27.616712 | O40: 62.18612 | P40: 24.175139 | Q40: 18.469082 | R40: 112.53015 | S40: 23.52144 | T40: 41.604061 | U40: 44.834218 | V40: 38.038938 | W40: 121.78599 | X40: 35.691899 | Y40: 45.021144 | Z40: 34.947694 | AA40: 56.325168 | AB40: 172.09271 | AC40: 44.36735 | AD40: 47.7306 | AE40: 34.949271 | AF40: 27.729111 | AG40: 167.63304 | AH40: 77.02751 | AI40: 75.451094 | AJ40: 57.548157 | AK40: 33.31734 | AL40: 195.1208 | AM40: 88.101979 | AN40: 57.211576 | AO40: 71.01603 | AP40: 87.739023 | AQ40: 312.13511 | AR40: 104.1022 | AS40: 144.05921 | AT40: 71.759588 | AU40: 81.767248 | AV40: 487.63486 | AW40: 91.510129 | AX40: {=AX42*AX$43} | AY40: {=AY42*AY$43} | AZ40: {=AZ42*AZ$43} | BA40: {=AZ40+AY40+AX40+AW40} | BB40: {=BB42*BB$43} | BC40: {=BC42*BC$43}
B41: Text_24 | N41: {=N40/I40-1} | O41: {=O40/J40-1} | P41: {=P40/K40-1} | Q41: {=Q40/L40-1} | R41: {=R40/M40-1} | S41: {=S40/N40-1} | T41: {=T40/O40-1} | U41: {=U40/P40-1} | ... BC41: {=BC40/AX40-1}
B42: Text_25 | I42: {=I40/I$43} | J42: {=J40/J$43} | K42: {=K40/K$43} | L42: {=L40/L$43} | M42: {=M40/M$43} | N42: {=N40/N$43} | O42: {=O40/O$43} | P42: {=P40/P$43} | ... AW42: {=AW40/AW$43} | AX42: 0.042459683 | AY42: 0.04216187 | AZ42: 0.047971941 | BA42: {=BA40/$BA$43} | BB42: 0.03770326 | BC42: 0.028403112
B43: Text_33 | I43: {=I40+I37+I34+I31+I28+I25+I22} | J43: {=J40+J37+J34+J31+J28+J25+J22} | K43: {=K40+K37+K34+K31+K28+K25+K22} | L43: {=L40+L37+L34+L31+L28+L25+L22} | M43: {=M40+M37+M34+M31+M28+M25+M22} | N43: {=N40+N37+N34+N31+N28+N25+N22} | O43: {=O40+O37+O34+O31+O28+O25+O22} | P43: {=P40+P37+P34+P31+P28+P25+P22} | ... AW43: {=AW40+AW37+AW34+AW31+AW28+AW25+AW22} | AX43: {=AX212} | AY43: {=AY212} | AZ43: {=AZ212} | BA43: {=BA40+BA37+BA34+BA31+BA28+BA25+BA22} | BB43: {=BB212} | BC43: {=BC212} | BD43: {=BD212} | BE43: {=BE212} | BF43: {=BF212} | BG43: {=BG212} | BH43: {=BH212} | BI43: {=BI212} | ... BZ43: {=BZ212}
B44: Text_24 | W44: {=W43/R43-1} | AB44: {=AB43/W43-1} | AG44: {=AG43/AB43-1} | AL44: {=AL43/AG43-1} | AQ44: {=AQ43/AL43-1} | AV44: {=AV43/AQ43-1} | BA44: {=BA43/AV43-1} | BF44: {=BF43/BA43-1} | BK44: {=BK43/BF43-1} | BP44: {=BP43/BK43-1} | BU44: {=BU43/BP43-1} | BZ44: {=BZ43/BU43-1}
B45: Text_34 | R45: {=R43-R22} | W45: {=W43-W22} | AB45: {=AB43-AB22} | AG45: {=AG43-AG22} | AL45: {=AL43-AL22} | AQ45: {=AQ43-AQ22} | AV45: {=AV43-AV22} | BA45: {=BA43-BA22} | BF45: {=BF43-BF22} | BK45: {=BK43-BK22} | BP45: {=BP43-BP22} | BU45: {=BU43-BU22} | BZ45: {=BZ43-BZ22}
B46: Text_24 | W46: {=W45/R45-1} | AB46: {=AB45/W45-1} | AG46: {=AG45/AB45-1} | AL46: {=AL45/AG45-1} | AQ46: {=AQ45/AL45-1} | AV46: {=AV45/AQ45-1} | BA46: {=BA45/AV45-1} | BF46: {=BF45/BA45-1} | BK46: {=BK45/BF45-1} | BP46: {=BP45/BK45-1} | BU46: {=BU45/BP45-1} | BZ46: {=BZ45/BU45-1}
B47: Text_35 | I47: {=I43-I$212} | J47: {=J43-J$212} | K47: {=K43-K$212} | L47: {=L43-L$212} | M47: {=M43-M$212} | N47: {=N43-N$212} | O47: {=O43-O$212} | P47: {=P43-P$212} | ... AW47: {=AW43-AW$212}
B48: Text_36 | BF48: {=BF45/AV45-1} | BK48: {=BK45/AV45-1}
B49: Text_37 | CB49: Text_38
B50: Text_39 | I50: 181.57974 | J50: 232.06055 | K50: 344.06326 | L50: 327.44957 | M50: {=L50+K50+J50+I50} | N50: 334.23214 | O50: 488.94718 | P50: 325.4036 | Q50: 486.0898 | R50: {=Q50+P50+O50+N50} | S50: 353.99089 | T50: 338.9801 | U50: 528.79916 | V50: 483.83245 | W50: {=V50+U50+T50+S50} | X50: 541.08191 | Y50: 551.34011 | Z50: 369.15486 | AA50: 367.5894 | AB50: {=AA50+Z50+Y50+X50} | AC50: 390.19717 | AD50: 666.74902 | AE50: 601.78537 | AF50: 586.13901 | AG50: {=AF50+AE50+AD50+AC50} | AH50: 498.32152 | AI50: 651.83057 | AJ50: 794.043 | AK50: 691.67695 | AL50: 3119.6939 | AM50: 1015.3082 | AN50: 1072.6438 | AO50: 1011.2994 | AP50: 1216.5273 | AQ50: 3377.3864 | AR50: 1280.0746 | AS50: 1259.1799 | AT50: 1161.3247 | AU50: 881.61885 | AV50: 5022.7634 | AW50: 965.23748 | AX50: 938.65902 | AY50: 1148.207 | AZ50: 977.88565 | BA50: {=AZ50+AY50+AX50+AW50} | BB50: 1270.0561 | BC50: 1844.3787 | CB50: Text_40
B51: Text_24 | N51: {=N50/I50-1} | O51: {=O50/J50-1} | P51: {=P50/K50-1} | Q51: {=Q50/L50-1} | R51: {=R50/M50-1} | S51: {=S50/N50-1} | T51: {=T50/O50-1} | U51: {=U50/P50-1} | ... BC51: {=BC50/AX50-1}
B52: Text_25 | I52: {=I50/I$73} | J52: {=J50/J$73} | K52: {=K50/K$73} | L52: {=L50/L$73} | M52: {=M50/M$73} | N52: {=N50/N$73} | O52: {=O50/O$73} | P52: {=P50/P$73} | ... BC52: {=BC50/BC$73}
B53: Text_41 | I53: 235.12756 | J53: 212.02148 | K53: 172.50071 | L53: 234.05617 | M53: {=L53+K53+J53+I53} | N53: 158.37353 | O53: 212.36499 | P53: 293.06057 | Q53: 268.68484 | R53: {=Q53+P53+O53+N53} | S53: 324.79944 | T53: 304.88312 | U53: 213.57362 | V53: 298.93259 | W53: {=V53+U53+T53+S53} | X53: 251.94955 | Y53: 296.94208 | Z53: 278.6283 | AA53: 392.47071 | AB53: {=AA53+Z53+Y53+X53} | AC53: 360.16018 | AD53: 244.73295 | AE53: 256.30181 | AF53: 340.21811 | AG53: {=AF53+AE53+AD53+AC53} | AH53: 394.88117 | AI53: 258.01786 | AJ53: 333.06778 | AK53: 461.79579 | AL53: 1248.6241 | AM53: 496.64737 | AN53: 550.99092 | AO53: 508.53262 | AP53: 409.31869 | AQ53: 2449.0743 | AR53: 696.48759 | AS53: 816.6976 | AT53: 688.15816 | AU53: 689.65617 | AV53: 3333.7269 | AW53: 598.03374 | AX53: 408.71665 | AY53: 449.20275 | AZ53: 602.08545 | BA53: {=AZ53+AY53+AX53+AW53} | BB53: 590.4797 | BC53: 514.90475
B54: Text_24 | N54: {=N53/I53-1} | O54: {=O53/J53-1} | P54: {=P53/K53-1} | Q54: {=Q53/L53-1} | R54: {=R53/M53-1} | S54: {=S53/N53-1} | T54: {=T53/O53-1} | U54: {=U53/P53-1} | ... BC54: {=BC53/AX53-1}
B55: Text_25 | I55: {=I53/I$73} | J55: {=J53/J$73} | K55: {=K53/K$73} | L55: {=L53/L$73} | M55: {=M53/M$73} | N55: {=N53/N$73} | O55: {=O53/O$73} | P55: {=P53/P$73} | ... BC55: {=BC53/BC$73}
B56: Text_42 | X56: 0 | Y56: 0 | Z56: 0 | AA56: 40.498525 | AB56: {=AA56+Z56+Y56+X56} | AC56: 56.285463 | AD56: 50.1738 | AE56: 58.479374 | AF56: 70.301871 | AG56: {=AF56+AE56+AD56+AC56} | AH56: 78.416625 | AI56: 79.086093 | AJ56: 79.567758 | AK56: 97.15926 | AL56: {=AK56+AJ56+AI56+AH56} | AM56: 88.345186 | AN56: 95.999908 | AO56: 121.6286 | AP56: 98.727655 | AQ56: {=AP56+AO56+AN56+AM56} | AR56: 135.12295 | AS56: 117.50982 | AT56: 136.61443 | AU56: 95.619884 | AV56: {=AU56+AT56+AS56+AR56} | AW56: 145.71361 | AX56: 137.50694 | AY56: 140.07075 | AZ56: 87.928974 | BA56: {=AZ56+AY56+AX56+AW56} | BB56: 115.43421 | BC56: 169.84411 | CB56: Text_43
B57: Text_24 | AE57: {=AE56/Z56-1} | AF57: {=AF56/AA56-1} | AG57: {=AG56/AB56-1} | AH57: {=AH56/AC56-1} | AI57: {=AI56/AD56-1} | AJ57: {=AJ56/AE56-1} | AK57: {=AK56/AF56-1} | AL57: {=AL56/AG56-1} | ... BC57: {=BC56/AX56-1}
B58: Text_25 | I58: {=I56/I$73} | J58: {=J56/J$73} | K58: {=K56/K$73} | L58: {=L56/L$73} | M58: {=M56/M$73} | N58: {=N56/N$73} | O58: {=O56/O$73} | P58: {=P56/P$73} | ... BC58: {=BC56/BC$73}
B59: Text_44 | Z59: 166.11738 | AA59: 132.35709 | AB59: {=AA59+Z59+Y59+X59} | AC59: 129.39594 | AD59: 126.65432 | AE59: 109.30642 | AF59: 148.8565 | AG59: {=AF59+AE59+AD59+AC59} | AH59: 140.41605 | AI59: 94.908712 | AJ59: 129.55871 | AK59: 217.15029 | AL59: {=AK59+AJ59+AI59+AH59} | AM59: 159.54256 | AN59: 119.83605 | AO59: 128.91052 | AP59: 163.06049 | AQ59: {=AP59+AO59+AN59+AM59} | AR59: 117.28329 | AS59: 107.41725 | AT59: 64.952521 | AU59: 67.175059 | AV59: {=AU59+AT59+AS59+AR59} | AW59: 59.007664 | AX59: 91.61136 | AY59: 81.224932 | AZ59: 79.865587 | BA59: {=AZ59+AY59+AX59+AW59} | BB59: 74.054014 | BC59: 85.914427 | CA59: Text_45
B60: Text_24 | AC60: {=AC59/X59-1} | AD60: {=AD59/Y59-1} | AE60: {=AE59/Z59-1} | AF60: {=AF59/AA59-1} | AG60: {=AG59/AB59-1} | AH60: {=AH59/AC59-1} | AI60: {=AI59/AD59-1} | AJ60: {=AJ59/AE59-1} | ... BC60: {=BC59/AX59-1}
B61: Text_25 | I61: {=I59/I$73} | J61: {=J59/J$73} | K61: {=K59/K$73} | L61: {=L59/L$73} | M61: {=M59/M$73} | N61: {=N59/N$73} | O61: {=O59/O$73} | P61: {=P59/P$73} | ... BC61: {=BC59/BC$73}
B62: Text_46 | I62: 21.699222 | J62: 15.254535 | K62: 24.651515 | L62: 21.405119 | M62: {=L62+K62+J62+I62} | N62: 8.47521 | O62: 10.346541 | P62: 9.9631481 | Q62: 19.624595 | R62: {=Q62+P62+O62+N62} | S62: 28.13619 | T62: 34.341852 | U62: 11.708375 | V62: 17.507137 | W62: {=V62+U62+T62+S62} | X62: 35.445535 | Y62: 31.936759 | Z62: 37.008613 | AA62: 60.148685 | AB62: {=AA62+Z62+Y62+X62} | AC62: 43.008338 | AD62: 61.221485 | AE62: 40.951323 | AF62: 60.586254 | AG62: {=AF62+AE62+AD62+AC62} | AH62: 65.765988 | AI62: 63.578563 | AJ62: 41.874961 | AK62: 46.287884 | AL62: 187.71795 | AM62: 59.041008 | AN62: 64.479171 | AO62: 46.750415 | AP62: 107.75466 | AQ62: 310.93344 | AR62: 113.26695 | AS62: 101.25633 | AT62: 94.551716 | AU62: 112.84604 | AV62: 342.57945 | AW62: 99.001983 | AX62: 115.82627 | AY62: 68.533984 | AZ62: 66.718071 | BA62: {=AZ62+AY62+AX62+AW62} | BB62: 58.83617 | BC62: 85.494422
B63: Text_24 | N63: {=N62/I62-1} | O63: {=O62/J62-1} | P63: {=P62/K62-1} | Q63: {=Q62/L62-1} | R63: {=R62/M62-1} | S63: {=S62/N62-1} | T63: {=T62/O62-1} | U63: {=U62/P62-1} | ... BC63: {=BC62/AX62-1}
B64: Text_25 | I64: {=I62/I$73} | J64: {=J62/J$73} | K64: {=K62/K$73} | L64: {=L62/L$73} | M64: {=M62/M$73} | N64: {=N62/N$73} | O64: {=O62/O$73} | P64: {=P62/P$73} | ... BC64: {=BC62/BC$73}
B65: Text_47 | M65: {=M73-M69} | N65: {=N73-N69} | O65: {=O73-O69} | P65: {=P73-P69} | Q65: {=Q73-Q69} | R65: {=R73-R69} | S65: {=S73-S69} | T65: {=T73-T69} | ... BZ65: {=BZ73-BZ69} | CB65: Text_48 | CC65: {=BD65+BE65+BG65+BH65}
B66: Text_49 | AM66: {=AM65/AK65-1} | AN66: {=AN65/AM65-1} | AO66: {=AO65/AN65-1} | AP66: {=AP65/AO65-1} | AR66: {=AR65/AP65-1} | AS66: {=AS65/AR65-1} | AT66: {=AT65/AS65-1} | AU66: {=AU65/AT65-1} | AW66: {=AW65/AU65-1} | AX66: {=AX65/AW65-1} | AY66: {=AY65/AX65-1} | AZ66: {=AZ65/AY65-1} | BB66: {=BB65/AZ65-1} | BC66: {=BC65/BB65-1} | BD66: {=BD65/BC65-1} | BE66: {=BE65/BD65-1} | BG66: {=BG65/BE65-1} | BH66: {=BH65/BG65-1} | BI66: {=BI65/BH65-1} | BJ66: {=BJ65/BI65-1} | BL66: {=BL65/BJ65-1} | BM66: {=BM65/BL65-1} | BN66: {=BN65/BM65-1} | BO66: {=BO65/BN65-1} | BQ66: {=BQ65/BO65-1} | BR66: {=BR65/BQ65-1} | BS66: {=BS65/BR65-1} | BT66: {=BT65/BS65-1} | BV66: {=BV65/BT65-1} | BW66: {=BW65/BV65-1} | BX66: {=BX65/BW65-1} | BY66: {=BY65/BX65-1} | CC66: {=AY65+AZ65+BB65+BC65}
B67: Text_24 | R67: {=R65/M65-1} | S67: {=S65/N65-1} | T67: {=T65/O65-1} | U67: {=U65/P65-1} | V67: {=V65/Q65-1} | W67: {=W65/R65-1} | X67: {=X65/S65-1} | Y67: {=Y65/T65-1} | ... BZ67: {=BZ65/BU65-1} | CA67: Text_50 | CC67: {=CC65/CC66-1}
B68: Text_25 | I68: {=I65/I$73} | J68: {=J65/J$73} | K68: {=K65/K$73} | L68: {=L65/L$73} | M68: {=M65/M$73} | N68: {=N65/N$73} | O68: {=O65/O$73} | P68: {=P65/P$73} | ... BZ68: {=BZ65/BZ$73}
B69: Text_51 | I69: 208.63303 | J69: 200.98479 | K69: 168.64604 | L69: 284.85338 | M69: {=L69+K69+J69+I69} | N69: 211.89582 | O69: 233.37642 | P69: 230.29481 | Q69: 278.42793 | R69: {=Q69+P69+O69+N69} | S69: 267.22228 | T69: 279.8902 | U69: 305.54254 | V69: 277.74752 | W69: {=V69+U69+T69+S69} | X69: 233.30335 | Y69: 236.29108 | Z69: 314.41721 | AA69: 303.36901 | AB69: {=AA69+Z69+Y69+X69} | AC69: 383.97933 | AD69: 323.09277 | AE69: 318.74662 | AF69: 309.43406 | AG69: {=AF69+AE69+AD69+AC69} | AH69: 367.27729 | AI69: 427.8544 | AJ69: 409.98566 | AK69: 432.69259 | AL69: 1949.7569 | AM69: 426.39623 | AN69: 459.4175 | AO69: 543.388 | AP69: 490.4544 | AQ69: 2003.7515 | AR69: 605.46435 | AS69: 614.06542 | AT69: 454.42724 | AU69: 630.97229 | AV69: 2110.355 | AW69: 506.11051 | AX69: 555.68304 | AY69: 703.28769 | AZ69: 612.187 | BA69: {=AW69+AX69+AY69+AZ69} | BB69: 599.88641 | BC69: 703.00111 | BD69: {=AY69*(1+BD71)} | BE69: {=AZ69*(1+BE71)} | BF69: {=BB69+BC69+BD69+BE69} | BG69: {=BB69*(1+BG71)} | BH69: {=BC69*(1+BH71)} | BI69: {=BD69*(1+BI71)} | BJ69: {=BE69*(1+BJ71)} | BK69: {=BG69+BH69+BI69+BJ69} | BL69: {=BG69*(1+BL71)} | BM69: {=BH69*(1+BM71)} | BN69: {=BI69*(1+BN71)} | BO69: {=BJ69*(1+BO71)} | BP69: {=BL69+BM69+BN69+BO69} | BQ69: {=BL69*(1+BQ71)} | BR69: {=BM69*(1+BR71)} | BS69: {=BN69*(1+BS71)} | BT69: {=BO69*(1+BT71)} | BU69: {=BQ69+BR69+BS69+BT69} | BV69: {=BQ69*(1+BV71)} | BW69: {=BR69*(1+BW71)} | BX69: {=BS69*(1+BX71)} | BY69: {=BT69*(1+BY71)} | BZ69: {=BV69+BW69+BX69+BY69} | CA69: Text_52 | CB69: Text_53
B70: Text_49 | AM70: {=AM69/AK69-1} | AN70: {=AN69/AM69-1} | AO70: {=AO69/AN69-1} | AP70: {=AP69/AO69-1} | AR70: {=AR69/AP69-1} | AS70: {=AS69/AR69-1} | AT70: {=AT69/AS69-1} | AU70: {=AU69/AT69-1} | AW70: {=AW69/AU69-1} | AX70: {=AX69/AW69-1} | AY70: {=AY69/AX69-1} | AZ70: {=AZ69/AY69-1} | BB70: {=BB69/BA69-1} | BC70: {=BC69/BB69-1} | BD70: {=BD69/BC69-1} | BE70: {=BE69/BD69-1} | BG70: {=BG69/BE69-1} | BH70: {=BH69/BG69-1} | BI70: {=BI69/BH69-1} | BJ70: {=BJ69/BI69-1} | BL70: {=BL69/BJ69-1} | BM70: {=BM69/BL69-1} | BN70: {=BN69/BM69-1} | BO70: {=BO69/BN69-1} | BQ70: {=BQ69/BO69-1} | BR70: {=BR69/BQ69-1} | BS70: {=BS69/BR69-1} | BT70: {=BT69/BS69-1} | BV70: {=BV69/BT69-1} | BW70: {=BW69/BV69-1} | BX70: {=BX69/BW69-1} | BY70: {=BY69/BX69-1}
B71: Text_24 | N71: {=N69/I69-1} | O71: {=O69/J69-1} | P71: {=P69/K69-1} | Q71: {=Q69/L69-1} | R71: {=R69/M69-1} | S71: {=S69/N69-1} | T71: {=T69/O69-1} | U71: {=U69/P69-1} | ... BC71: {=BC69/AX69-1} | BD71: 0.086881747 | BE71: 0.08491036 | BF71: {=BF69/BA69-1} | BG71: 0.085546557 | BH71: 0.08553655 | BI71: 0.12396631 | BJ71: 0.12373967 | BK71: {=BK69/BF69-1} | BL71: 0.13244183 | BM71: {=BL71} | BN71: {=BM71} | BO71: {=BN71} | BP71: {=BP69/BK69-1} | BQ71: 0.12448592 | BR71: {=BQ71} | BS71: {=BR71} | BT71: {=BS71} | BU71: {=BU69/BP69-1} | BV71: 0.1273249 | BW71: {=BV71} | BX71: {=BW71} | BY71: {=BX71} | BZ71: {=BZ69/BU69-1}
B72: Text_25 | I72: {=I69/I$73} | J72: {=J69/J$73} | K72: {=K69/K$73} | L72: {=L69/L$73} | M72: {=M69/M$73} | N72: {=N69/N$73} | O72: {=O69/O$73} | P72: {=P69/P$73} | ... BZ72: {=BZ69/BZ$73} | CA72: Text_54
B73: Text_33 | I73: {=I69+I62+I59+I56+I53+I50} | J73: {=J69+J62+J59+J56+J53+J50} | K73: {=K69+K62+K59+K56+K53+K50} | L73: {=L69+L62+L59+L56+L53+L50} | M73: {=M69+M62+M59+M56+M53+M50} | N73: {=N69+N62+N59+N56+N53+N50} | O73: {=O69+O62+O59+O56+O53+O50} | P73: {=P69+P62+P59+P56+P53+P50} | ... AW73: {=AW69+AW62+AW59+AW56+AW53+AW50} | AX73: {=AX195} | AY73: {=AY195} | AZ73: {=AZ195} | BA73: {=BA195} | BB73: {=BB195} | BC73: {=BC212} | BD73: {=BD195} | BE73: {=BE195} | BF73: {=BF195} | BG73: {=BG195} | BH73: {=BH195} | BI73: {=BI195} | BJ73: {=BJ195} | BK73: {=BK195} | ... BZ73: {=BZ195}
B74: Text_35 | I74: {=I73-I$212} | J74: {=J73-J$212} | K74: {=K73-K$212} | L74: {=L73-L$212} | M74: {=M73-M$212} | N74: {=N73-N$212} | O74: {=O73-O$212} | P74: {=P73-P$212} | ... AX74: {=AX73-AX$212}
R75: 2337.1289 | W75: 1996.9818 | AB75: 2154.3196 | AG75: 1755.2345 | AL75: 1772.2464 | AQ75: 1650.6545 | AV75: 1755.1023 | BA75: 1844.7467 | BF75: 1763.3785 | BK75: 1692.6845 | BP75: 1719.4116 | BU75: 1996.1837 | BZ75: 1789.7779
B76: Text_55 | I76: Q116 | J76: Q162 | K76: Q316 | L76: Q416 | M76: CY16 | N76: Q117 | O76: Q172 | P76: Q317 | Q76: Q417 | R76: CY17 | S76: Q118 | T76: Q182 | U76: Q318 | V76: Q418 | W76: CY18 | X76: Q119 | Y76: Q192 | Z76: Q319 | AA76: Q419 | AB76: CY19 | AC76: Q120 | AD76: Q202 | AE76: Q320 | AF76: Q420 | AG76: CY20 | AH76: Q121 | AI76: Q212 | AJ76: Q321 | AK76: Q421 | AL76: CY21 | AM76: Q122 | AN76: Q222 | AO76: Q322 | AP76: Q422 | AQ76: CY22 | AR76: Q123 | AS76: Q223 | AT76: Q323 | AU76: Q423 | AV76: CY23E | AW76: Q124 | AX76: Q224 | AY76: Q324 | AZ76: Q424 | BA76: CY24E | BF76: CY25E | BK76: CY26E | BP76: CY27E | BU76: CY28E | BZ76: CY28E
B77: Text_56 | R77: 0 | W77: 0 | AB77: 0 | AG77: 0 | AL77: 0 | AQ77: 0 | AV77: 0 | BA77: 0 | BF77: 0 | BK77: 0 | BP77: 0 | BU77: 0 | BZ77: 0
B78: Text_57 | R78: 0 | W78: 0 | AB78: 0 | AG78: 0 | AL78: 0 | AQ78: 0 | AV78: 0 | BA78: 0 | BF78: 0 | BK78: 0 | BP78: 0 | BU78: 0 | BZ78: 0
B79: Text_58 | R79: 0 | W79: 0 | AB79: 0 | AG79: 0 | AL79: 0 | AQ79: 0 | AV79: 0 | BA79: 0 | BF79: 0 | BK79: 0 | BP79: 0 | BU79: 0 | BZ79: 0
B80: Text_59 | R80: 0 | W80: 0 | AB80: 0 | AG80: 0 | AL80: 0 | AQ80: 0 | AV80: 0 | BA80: 0 | BF80: 0 | BK80: 0 | BP80: 0 | BU80: 0 | BZ80: 0
B81: Text_60 | R81: 0 | W81: 0 | AB81: 0 | AG81: 0 | AL81: 0 | AQ81: 0 | AV81: 0 | BA81: 0 | BF81: 0 | BK81: 0 | BP81: 0 | BU81: 0 | BZ81: 0
B82: Text_61 | R82: 0 | W82: 0 | AB82: 0 | AG82: 0 | AL82: 0 | AQ82: 0 | AV82: 0 | BA82: 0 | BF82: 0 | BK82: 0 | BP82: 0 | BU82: 0 | BZ82: 0
B83: Text_62 | R83: 0 | W83: 0 | AB83: 0 | AG83: 0 | AL83: 0 | AQ83: 0 | AV83: 0 | BA83: 0 | BF83: 0 | BK83: 0 | BP83: 0 | BU83: 0 | BZ83: 0
B84: Text_63 | R84: 0 | W84: 0 | AB84: 0 | AG84: 0 | AL84: 0 | AQ84: 0 | AV84: 0 | BA84: 0 | BF84: 0 | BK84: 0 | BP84: 0 | BU84: 0 | BZ84: 0
B85: Text_64 | R85: 0 | W85: 0 | AB85: 0 | AG85: 0 | AL85: 0 | AQ85: 0 | AV85: 0 | BA85: 0 | BF85: 0 | BK85: 0 | BP85: 0 | BU85: 0 | BZ85: 0
B86: Text_65 | R86: 0 | W86: 0 | AB86: 0 | AG86: 0 | AL86: 0 | AQ86: 0 | AV86: 0 | BA86: 0 | BF86: 0 | BK86: 0 | BP86: 0 | BU86: 0 | BZ86: 0
B87: Text_66 | R87: 0 | W87: 0 | AB87: 0 | AG87: 0 | AL87: 0 | AQ87: 0 | AV87: 0 | BA87: 0 | BF87: 0 | BK87: 0 | BP87: 0 | BU87: 0 | BZ87: 0
B88: Text_67 | R88: 0 | W88: 0 | AB88: 0 | AG88: 0 | AL88: 0 | AQ88: 0 | AV88: 0 | BA88: 0 | BF88: 0 | BK88: 0 | BP88: 0 | BU88: 0 | BZ88: 0
... B90: Text_69 | R90: 0 | W90: 0 | AB90: 0 | AG90: 0 | AL90: 0 | AQ90: 0 | AV90: 0 | BA90: 0 | BF90: 0 | BK90: 0 | BP90: 0 | BU90: 0 | BZ90: 0
B91: Text_70 | R91: {=SUM(R77:R90)} | W91: {=SUM(W77:W90)} | AB91: {=SUM(AB77:AB90)} | AG91: {=SUM(AG77:AG90)} | AL91: {=SUM(AL77:AL90)} | AQ91: {=SUM(AQ77:AQ90)} | AV91: {=SUM(AV77:AV90)} | BA91: {=SUM(BA77:BA90)} | BF91: {=SUM(BF77:BF90)} | BK91: {=SUM(BK77:BK90)} | BP91: {=SUM(BP77:BP90)} | BU91: {=SUM(BU77:BU90)} | BZ91: {=SUM(BZ77:BZ90)}
B92: Text_24 | W92: {=W91/R91-1} | AB92: {=AB91/W91-1} | AG92: {=AG91/AB91-1} | AL92: {=AL91/AG91-1} | AQ92: {=AQ91/AL91-1} | AV92: {=AV91/AQ91-1} | BA92: {=BA91/AV91-1} | BF92: {=BF91/BA91-1} | BK92: {=BK91/BF91-1} | BP92: {=BP91/BK91-1} | BU92: {=BU91/BP91-1} | BZ92: {=BZ91/BU91-1}
B94: Text_71 | AL94: 565878.52 | AQ94: 600381.46 | AV94: 573619.08 | BA94: {=AV94*(1+BA95)} | BF94: {=BA94*(1+BF95)} | BK94: {=BF94*(1+BK95)} | BP94: {=BK94*(1+BP95)} | BU94: {=BP94*(1+BU95)} | BZ94: {=BU94*(1+BZ95)} | CA94: Text_72 | CB94: {=(BP94/AL94)^(1/6)-1} | CC94: {=(BU94/AL94)^(1/7)-1}
B95: Text_24 | AQ95: {=AQ94/AL94-1} | AV95: {=AV94/AQ94-1} | BA95: 0.18771499 | BF95: 0.12479057 | BK95: 0.12204641 | BP95: 0 | BU95: 0.12597726 | BZ95: 0.12673396 | CB95: Text_73
CA96: Text_74
B97: Text_75 | AL97: 125617.93 | AQ97: 159903.14 | AV97: 159667.33 | BA97: 156155.41 | BF97: 136577.61 | BK97: {=BF97*(1+BK98)} | BP97: {=BK97*(1+BP98)} | BU97: {=BP97*(1+BU98)} | BZ97: {=BU97*(1+BZ98)}
B98: Text_24 | AQ98: {=AQ97/AL97-1} | AV98: {=AV97/AQ97-1} | BA98: {=BA97/AV97-1} | BF98: {=BF97/BA97-1} | BK98: 0.14418699 | BP98: 0.14740944 | BU98: 0.14969046 | BZ98: 0.1523651 | CA98: Text_76
B99: Text_77 | AL99: {=AL97/AL94} | AQ99: {=AQ97/AQ94} | AV99: {=AV97/AV94} | BA99: {=BA97/BA94} | BF99: {=BF97/BF94} | BK99: {=BK97/BK94} | BP99: {=BP97/BP94} | BU99: {=BU97/BU94} | BZ99: {=BZ97/BZ94} | CA99: Text_78
B101: Text_79 | I101: 7465.8168 | J101: 8897.016 | K101: 11015.251 | L101: 8218.4203 | M101: 33356.249 | N101: 12111.831 | O101: 13565.318 | P101: 13404.585 | Q101: 13598.213 | R101: 41840.935 | S101: 14662.986 | T101: 15745.064 | U101: 12865.534 | V101: 12349.567 | W101: 55598.735 | X101: 10513.916 | Y101: 11205.543 | Z101: 12004.628 | AA101: 14632.174 | AB101: 46095.135 | AC101: 15600.686 | AD101: 15516.824 | AE101: 18886.746 | AF101: 20622.026 | AG101: 64517.743 | AH101: 17098.446 | AI101: 22621.967 | AJ101: 25096.254 | AK101: 26110.841 | AL101: 88322.057 | AM101: 18394.329 | AN101: 21452.005 | AO101: 25070.551 | AP101: 27587.041 | AQ101: 100451.62 | AV101: 93261.848 | BA101: {=BA123+BA135} | BF101: {=BF123+BF135} | BK101: {=BK123+BK135} | BP101: {=BP123+BP135} | BU101: {=BU123+BU135} | BZ101: {=BZ123+BZ135} | CA101: Text_80 | CB101: {=(BP101/AL101)^(1/6)-1} | CC101: {=(BZ101/BA101)^(1/7)-1}
B102: Text_24 | M102: {=M101/H101-1} | R102: {=R101/M101-1} | W102: {=W101/R101-1} | AB102: {=AB101/W101-1} | AG102: {=AG101/AB101-1} | AL102: {=AL101/AG101-1} | AQ102: {=AQ101/AL101-1} | AV102: {=AV101/AQ101-1} | BA102: {=BA101/AV101-1} | BF102: {=BF101/BA101-1} | BK102: {=BK101/BF101-1} | BP102: {=BP101/BK101-1} | BU102: {=BU101/BP101-1} | BZ102: {=BZ101/BU101-1} | CA102: Text_81 | CB102: Text_82
B103: Text_77 | M103: {=M101/M94} | R103: {=R101/R94} | W103: {=W101/W94} | AB103: {=AB101/AB94} | AG103: {=AG101/AG94} | AL103: {=AL101/AL94} | AQ103: {=AQ101/AQ94} | AV103: {=AV101/AV94} | BA103: {=BA101/BA94} | BF103: {=BF101/BF94} | BK103: {=BK101/BK94} | BP103: {=BP101/BP94} | BU103: {=BU101/BU94} | BZ103: {=BZ101/BZ94} | CA103: Text_83 | CB103: Text_84 | CC103: {=(BZ101/BA101)^(1/5)-1}
B104: Text_85 | M104: {=M101/M97} | R104: {=R101/R97} | W104: {=W101/W97} | AB104: {=AB101/AB97} | AG104: {=AG101/AG97} | AL104: {=AL101/AL97} | AQ104: {=AQ101/AQ97} | AV104: {=AV101/AV97} | BA104: {=BA101/BA97} | BF104: {=BF101/BF97} | BK104: {=BK101/BK97} | BP104: {=BP101/BP97} | BU104: {=BU101/BU97} | BZ104: {=BZ101/BZ97} | CA104: Text_86
B105: Text_87 | AG105: 71676.366 | AL105: 89638.654 | AQ105: 85014.618 | AV105: {=90500} | BA105: 76504.882 | CA105: Text_88
...

Sheet Sheet_3
B2: Text_362 | E2: {=IF(L10="FCF",(($E$6*O16)+((365-$E$6)*R16))/365,(($E$6*O14)+((365-$E$6)*R14))/365)}
B3: Text_363 | E3: {=IF(L10="FCF",(($E$6*R16)+((365-$E$6)*U16))/365,(($E$6*R14)+((365-$E$6)*U14))/365)}
B4: Text_364 | E4: {=TODAY()}
B5: Text_365 | E5: 46022
B6: Text_366 | E6: {=E5-E4}
B9: Text_361
B10: Text_367 | E10: Text_368 | F10: 0.029596141 | H10: Text_369 | I10: {='Valuation'!Y54} | K10: Text_370 | L10: Text_371
B12: Text_372 | AC12: Text_373
B14: Text_374 | E14: Text_375 | F14: {='Valuation'!N45} | H14: Text_376 | I14: {='Valuation'!N46} | K14: Text_377 | L14: {='Valuation'!N47} | N14: Text_378 | O14: {='Valuation'!N48} | Q14: Text_379 | R14: {='Valuation'!N49} | T14: Text_380 | U14: {='Valuation'!N50} | W14: Text_381 | Z14: Text_382 | AD14: Text_383
AD15: Text_8
B16: Text_384 | E16: Text_385 | F16: {='Valuation'!N55} | H16: Text_386 | I16: {='Valuation'!N56} | K16: Text_387 | L16: {='Valuation'!N57} | N16: Text_388 | O16: {='Valuation'!N58} | Q16: Text_389 | R16: {='Valuation'!N59} | T16: Text_390 | U16: {='Valuation'!N60} | W16: Text_391 | Z16: Text_392
AD17: Text_393
B18: Text_394 | E18: Text_395 | F18: {='Model'!AQ358} | H18: Text_396 | I18: {='Model'!AV358} | K18: Text_397 | L18: {='Model'!BA358} | N18: Text_398 | O18: {='Model'!BF358} | Q18: Text_399 | R18: {='Model'!BK358} | T18: Text_400 | W18: Text_401 | Z18: Text_402 | AD18: Text_403
B21: Text_404 | E21: Text_405 | F21: {='Model'!AQ357} | H21: Text_406 | I21: {='Model'!AV357} | K21: Text_407 | L21: {='Model'!BA357} | N21: Text_408 | O21: {='Model'!BF357} | Q21: Text_409 | R21: {='Model'!BK357} | T21: Text_410 | W21: Text_411 | Z21: Text_412 | AC21: Text_413
AD22: Text_383 | AE22: {=E2*I10}
B23: Text_414 | E23: Text_415 | H23: Text_416 | K23: Text_417 | N23: Text_418 | Q23: Text_419 | T23: Text_420 | W23: Text_421 | Z23: Text_422 | AD23: Text_8 | AE23: {=I10*E3}
B25: Text_423 | E25: Text_424 | H25: Text_425 | K25: Text_426 | N25: Text_427 | Q25: Text_428 | T25: Text_429 | W25: Text_430 | Z25: Text_431
B27: Text_432 | E27: Text_433 | H27: Text_434 | K27: Text_435 | N27: Text_436 | Q27: Text_437 | T27: Text_438 | W27: Text_439 | Z27: Text_440
B29: Text_441
B31: Text_442 | C31: {='Valuation'!AY51} | E31: Text_443 | F31: {='Valuation'!AY48}
B33: Text_444 | C33: {='Valuation'!AR59} | E33: Text_445 | F33: {='Valuation'!AR60} | H33: Text_446 | I33: {='Valuation'!AR61} | K33: Text_447 | L33: {='Valuation'!AR62} | N33: Text_448 | O33: {='Valuation'!AR63} | Q33: Text_449
B35: Text_450
B37: Text_451 | C37: {='Valuation'!AL51} | E37: Text_452 | F37: {='Valuation'!AL48}
B39: Text_453 | C39: {='Valuation'!AE59} | E39: Text_454 | F39: {='Valuation'!AE60} | H39: Text_455 | I39: {='Valuation'!AE61} | K39: Text_456 | L39: {='Valuation'!AE62} | N39: Text_457 | O39: {='Valuation'!AE63} | Q39: Text_458
B41: Text_459
B43: Text_460 | E43: Text_461 | H43: Text_380 | K43: Text_462 | N43: Text_463 | O43: {='Valuation'!W61} | Q43: Text_464 | R43: {='Valuation'!W63} | T43: Text_465 | U43: {='Valuation'!W62}
B45: Text_466 | C45: {='Valuation'!N14*100} | E45: Text_467 | F45: {='Valuation'!N26*100} | H45: Text_381 | I45: {='Valuation'!N51} | K45: Text_468 | L45: {='Valuation'!R56}
B47: Text_469 | C47: {='Valuation'!N14*100} | E47: Text_470 | F47: {='Valuation'!N26*100} | H47: Text_471 | I47: {='Valuation'!N52} | K47: Text_472 | L47: {='Valuation'!R56}
B51: Text_459 | C51: {=_xlfn.IFERROR((C54^(1/((DAYS360(TODAY(),"31/12/2028"))/360))-1)+C52,"")}
B52: Text_473 | C52: {='Model'!BA412}
B53: Text_474 | C53: {='Model'!CA4}
B54: Text_475 | C54: {=_xlfn.IFERROR((C55/C53),"")}
B55: Text_476 | C55: {=_xlfn.IFERROR(C56*I47,"")}
B56: Text_477 | C56: {=_xlfn.IFERROR(C57*L47,"")}
B57: Text_478 | C57: 18.17473

Sheet Sheet_4
B2: Text_480 | G2: Text_132 | R2: Text_481
B3: Text_229 | C3: {='Model'!CA4} | E3: {='Model'!CA2} | N3: Text_482 | Q3: Text_229 | R3: {='Model'!CA4} | S3: Text_483 | AB3: Text_482 | AD3: Text_229 | AE3: {=C3} | AF3: Text_484 | AO3: Text_482 | AQ3: Text_229 | AR3: {=AE3} | AS3: Text_485 | BB3: Text_482
B4: Text_486 | D4: 1768.3408 | E4: 2160.4171 | F4: 2407.8032 | G4: 1700.8519 | H4: 1625.9358 | I4: Text_487 | J4: Text_488 | K4: Text_489 | L4: Text_490 | M4: Text_491 | N4: Text_492 | Q4: Text_486 | S4: 1967.3083 | T4: 1692.5155 | U4: 2223.9926 | V4: 2359.6186 | W4: Text_487 | X4: Text_488 | Y4: Text_489 | Z4: Text_490 | AA4: Text_491 | AB4: Text_492 | AD4: Text_486 | AF4: 1967.6626 | AG4: 1826.846 | AH4: 1969.9192 | AI4: 2204.9034 | AJ4: Text_487 | AK4: Text_488 | AL4: Text_489 | AM4: Text_490 | AN4: Text_491 | AO4: Text_492 | AQ4: Text_486 | AS4: 1624.1194 | AT4: 2094.3504 | AU4: 2114.6756 | AV4: 2135.4724 | AW4: Text_487 | AX4: Text_488 | AY4: Text_489 | AZ4: Text_490 | BA4: Text_491 | BB4: Text_492
B5: Text_493 | D5: 44012 | E5: 44377 | F5: {=E5+365} | G5: {=F5+365} | H5: {=G5+366} | I5: {=H5+365} | J5: {=I5+365} | K5: {=J5+365} | L5: {=K5+365} | M5: {=L5+365} | Q5: Text_493 | S5: 44377 | T5: 44742 | U5: 45107 | V5: 45473 | W5: 45838 | X5: 46203 | Y5: 46568 | Z5: {=Y5+365} | AA5: {=Z5+365} | AD5: Text_493 | AF5: 44377 | AG5: 44742 | AH5: 45107 | AI5: 45473 | AJ5: 45838 | AK5: 46203 | AL5: 46568 | AM5: {=AL5+365} | AN5: {=AM5+365} | AQ5: Text_493 | AS5: 44469 | AT5: 44742 | AU5: 45107 | AV5: 45473 | AW5: 45838 | AX5: 46203 | AY5: 46568 | AZ5: {=AY5+365} | BA5: {=AZ5+365}
AQ6: Text_494 | AW6: {=AW14/$W$14-1} | AX6: {=AX14/X$14-1} | AY6: {=AY14/Y$14-1} | AZ6: {=AZ14/Z$14-1} | BA6: {=BA14/AA$14-1}
B7: Text_495 | D7: {='Model'!AG101} | E7: {='Model'!AL101} | F7: {='Model'!AQ101} | G7: {='Model'!AV101} | H7: {='Model'!BA101} | I7: {='Model'!BF101} | J7: {='Model'!BK101} | K7: {='Model'!BP101} | L7: {='Model'!BU101} | M7: {='Model'!BZ101} | N7: {=(M7/H7)^(1/5)-1} | Q7: Text_495 | S7: 81434.098 | T7: 106049.98 | U7: 82783.967 | V7: 83942.454 | W7: 116271.76 | X7: 126689.76 | Y7: 96537.758 | Z7: 121865.55 | AA7: 134016.17 | AB7: {=(AA7/V7)^(1/5)-1} | AD7: Text_495 | AF7: 82479.592 | AG7: 87822.051 | AH7: 81641.391 | AI7: 93853.628 | AJ7: {=AI7*(1+AJ8)} | AK7: {=AJ7*(1+AK8)} | AL7: {=AK7*(1+AL8)} | AM7: {=AL7*(1+AM8)} | AN7: {=AM7*(1+AN8)} | AO7: {=(AN7/AI7)^(1/5)-1} | AQ7: Text_495 | AU7: 108170.34 | AV7: 99494.571 | AW7: {=AV7*(1+AW8)} | AX7: {=AW7*(1+AX8)} | AY7: {=AX7*(1+AY8)} | AZ7: {=AY7*(1+AZ8)} | BA7: {=AZ7*(1+BA8)} | BB7: {=(BA7/AV7)^(1/5)-1}
B8: Text_15 | E8: {=E7/D7-1} | F8: {=F7/E7-1} | G8: {=G7/F7-1} | H8: {=H7/G7-1} | I8: {=I7/H7-1} | J8: {=J7/I7-1} | K8: {=K7/J7-1} | L8: {=L7/K7-1} | M8: {=M7/L7-1} | Q8: Text_15 | T8: 0.41592535 | U8: 0.012294101 | V8: -0.037896229 | W8: 0.061317379 | X8: 0.15069115 | Y8: 0.037897424 | Z8: 0.13816351 | AA8: 0.11726285 | AD8: Text_15 | AG8: 0.39030756 | AH8: 0.013224055 | AI8: {=AI7/AH7-1} | AJ8: 0.13420995 | AK8: 0.1341239 | AL8: 0.13037178 | AM8: 0.12251995 | AN8: 0.12776596 | AQ8: Text_15 | AT8: -0.01525234 | AU8: 0.013167917 | AV8: {=AI8} | AW8: -0.050255546 | AX8: 0.077534437 | AY8: 0.049122993 | AZ8: 0.084217025 | BA8: 0.081775606
B9: Text_496 | G9: {='Model'!AV22} | H9: {='Model'!BA22} | I9: {='Model'!BF22} | J9: {='Model'!BK22} | K9: {='Model'!BP22} | L9: {='Model'!BU22} | M9: {='Model'!BZ22} | N9: {=(M9/H9)^(1/5)-1} | Q9: Text_496 | U9: 3197.0694 | V9: 4095.4393 | W9: 4339.8071 | X9: 3187.3033 | Y9: 3746.6701 | Z9: 3544.0407 | AA9: 3865.766 | AB9: {=(AA9/V9)^(1/5)-1} | AD9: Text_496 | AH9: 3038.7123 | AI9: {=V9} | AJ9: {=AI9*(1+AJ10)} | AK9: {=AJ9*(1+AK10)} | AL9: {=AK9*(1+AL10)} | AM9: {=AL9*(1+AM10)} | AN9: {=AM9*(1+AN10)} | AO9: {=(AN9/AI9)^(1/5)-1} | AQ9: Text_496 | AU9: 3367.8469 | AV9: {=AI9} | AW9: {=AV9*(1+AW10)} | AX9: {=AW9*(1+AX10)} | AY9: {=AX9*(1+AY10)} | AZ9: {=AY9*(1+AZ10)} | BA9: {=AZ9*(1+BA10)} | BB9: {=(BA9/AV9)^(1/5)-1}
B10: Text_15 | H10: {=H9/G9-1} | I10: {=I9/H9-1} | J10: {=J9/I9-1} | K10: {=K9/J9-1} | L10: {=L9/K9-1} | M10: {=M9/L9-1} | Q10: Text_15 | V10: 0.42838258 | W10: -0.011683548 | X10: -0.13693147 | Y10: -0.022924787 | Z10: 0.050731671 | AA10: 0.081874454 | AD10: Text_15 | AI10: {=AI9/AH9-1} | AJ10: -0.10003508 | AK10: 0 | AL10: 0.099881276 | AM10: 0.10569481 | AN10: 0.094738576 | AQ10: Text_15 | AV10: {=AV9/AU9-1} | AW10: -0.41410351 | AX10: -0.049397807 | AY10: -0.051034491 | AZ10: -0.048401577 | BA10: -0.047729948
B11: Text_497 | G11: {=G9/G14} | H11: {=H9/H14} | I11: {=I9/I14} | J11: {=J9/J14} | K11: {=K9/K14} | L11: {=L9/L14} | M11: {=M9/M14} | Q11: Text_497 | U11: 0.26082455 | V11: 0.40071813 | W11: 0.32655487 | X11: 0.28086502 | Y11: 0.26272302 | Z11: 0.23963319 | AA11: 0.22543061 | AD11: Text_497 | AH11: 0.25900215 | AI11: {=AI9/AI14} | AJ11: {=AJ9/AJ14} | AK11: {=AK9/AK14} | AL11: {=AL9/AL14} | AM11: {=AM9/AM14} | AN11: {=AN9/AN14} | AQ11: Text_497 | AU11: 0.26551344 | AV11: {=AV9/AV14} | AW11: {=AW9/AW14} | AX11: {=AX9/AX14} | AY11: {=AY9/AY14} | AZ11: {=AZ9/AZ14} | BA11: {=BA9/BA14}
B12: Text_498 | G12: {=G14-G9} | H12: {=H14-H9} | I12: {=I14-I9} | J12: {=J14-J9} | K12: {=K14-K9} | L12: {=L14-L9} | M12: {=M14-M9} | N12: {=(M12/H12)^(1/5)-1} | Q12: Text_498 | U12: 7048.2491 | V12: 5078.2098 | W12: 8025.1206 | X12: 9483.4089 | Y12: 9791.8337 | Z12: 11504.077 | AA12: 15871.923 | AB12: {=(AA12/V12)^(1/5)-1} | AD12: Text_498 | AH12: 8511.3743 | AI12: {=AI14-AI9} | AJ12: {=AI12*(1+AJ13)} | AK12: {=AJ12*(1+AK13)} | AL12: {=AK12*(1+AL13)} | AM12: {=AL12*(1+AM13)} | AN12: {=AM12*(1+AN13)} | AO12: {=(AN12/AI12)^(1/5)-1} | AQ12: Text_498 | AU12: 7042.1125 | AV12: {=AV14-AV9} | AW12: {=AV12*(1+AW13)} | AX12: {=AW12*(1+AX13)} | AY12: {=AX12*(1+AY13)} | AZ12: {=AY12*(1+AZ13)} | BA12: {=AZ12*(1+BA13)} | BB12: {=(BA12/AV12)^(1/5)-1}
B13: Text_15 | H13: {=H12/G12-1} | I13: {=I12/H12-1} | J13: {=J12/I12-1} | K13: {=K12/J12-1} | L13: {=L12/K12-1} | M13: {=M12/L12-1} | Q13: Text_15 | V13: -0.27470572 | W13: 0.43874257 | X13: 0.16816223 | Y13: 0.1086442 | Z13: 0.17654269 | AA13: 0.15681312 | AD13: Text_15 | AI13: {=AI12/AH12-1} | AJ13: 0.57759676 | AK13: 0.18940181 | AL13: 0.14785461 | AM13: 0.15106742 | AN13: 0.15006265 | AQ13: Text_15 | AV13: {=AV12/AU12-1} | AW13: 0.28775452 | AX13: 0.052392112 | AY13: 0.051179605 | AZ13: 0.13585708 | BA13: 0.13621858
B14: Text_499 | D14: {='Model'!AG212} | E14: {='Model'!AL212} | F14: {='Model'!AQ212} | G14: {='Model'!AV212} | H14: {='Model'!BA212} | I14: {='Model'!BF212} | J14: {='Model'!BK212} | K14: {='Model'!BP212} | L14: {='Model'!BU212} | M14: {='Model'!BZ212} | N14: {=(M14/H14)^(1/5)-1} | Q14: Text_499 | S14: 7606.0572 | T14: 8987.8891 | U14: 10960.178 | V14: 8480.8894 | W14: 12942.736 | X14: 11240.088 | Y14: 14922.915 | Z14: 14152.074 | AA14: 15233.657 | AB14: {=(AA14/V14)^(1/5)-1} | AD14: Text_499 | AF14: 5992.411 | AG14: 7376.8469 | AH14: 11414.417 | AI14: 10724.329 | AJ14: {=AJ12+AJ9} | AK14: {=AK12+AK9} | AL14: {=AL12+AL9} | AM14: {=AM12+AM9} | AN14: {=AN12+AN9} | AO14: {=(AN14/AI14)^(1/5)-1} | AQ14: Text_499 | AS14: 6960.062 | AT14: 7964.0885 | AU14: 8747.6412 | AV14: 7924.826 | AW14: {=AW12+AW9} | AX14: {=AX12+AX9} | AY14: {=AY12+AY9} | AZ14: {=AZ12+AZ9} | BA14: {=BA12+BA9} | BB14: {=(BA14/AV14)^(1/5)-1}
B15: Text_15 | E15: {=E14/D14-1} | F15: {=F14/E14-1} | G15: {=G14/F14-1} | H15: {=H14/G14-1} | I15: {=I14/H14-1} | J15: {=J14/I14-1} | K15: {=K14/J14-1} | L15: {=L14/K14-1} | M15: {=M14/L14-1} | Q15: Text_15 | T15: 0.31666927 | U15: 0.14666887 | V15: -0.062725799 | W15: 0.22859803 | X15: 0.062021405 | Y15: 0.071255677 | Z15: 0.14622792 | AA15: 0.13529938 | AD15: Text_15 | AF15: 0.18506119 | AG15: 0.31189582 | AH15: 0.13737857 | AI15: {=AI14/AH14-1} | AJ15: {=AJ14/AI14-1} | AK15: {=AK14/AJ14-1} | AL15: {=AL14/AK14-1} | AM15: {=AM14/AL14-1} | AN15: {=AN14/AM14-1} | AQ15: Text_15 | AS15: 0.18477642 | AT15: 0.31904706 | AU15: 0.14795152 | AV15: -0.066165483 | AW15: {=AW14/AV14-1} | AX15: {=AX14/AW14-1} | AY15: {=AY14/AX14-1} | AZ15: {=AZ14/AY14-1} | BA15: {=BA14/AZ14-1}
B16: Text_500 | D16: {='Model'!AG217} | E16: {='Model'!AL217} | F16: {='Model'!AQ217} | G16: {='Model'!AV217} | H16: {='Model'!BA217} | I16: {='Model'!BF217} | J16: {='Model'!BK217} | K16: {='Model'!BP217} | L16: {='Model'!BU217} | M16: {='Model'!BZ217} | Q16: Text_500 | S16: 4402.7258 | T16: 5593.562 | U16: 6283.8976 | V16: 6169.9455 | W16: 8068.0711 | X16: 8649.3239 | Y16: 7495.8369 | Z16: 9927.7175 | AA16: 10898.541 | AD16: Text_500 | AF16: 4942.8017 | AG16: 6092.8705 | AH16: 6551.8159 | AI16: 5136.7011 | AJ16: 1252.3168 | AK16: 1139.9564 | AL16: 1377.894 | AM16: 1264.164 | AN16: 1589.2586 | AQ16: Text_500 | AS16: 3798.9773 | AT16: 5538.1868 | AU16: 7491.3713 | AV16: 5352.6251 | AW16: 1205.2966 | AX16: 1302.5973 | AY16: 1189.7797 | AZ16: 1646.4632 | BA16: 1219.8006
B17: Text_501 | D17: {=D16/D14} | E17: {=E16/E14} | F17: {=F16/F14} | G17: {=G16/G14} | H17: {=H16/H14} | I17: {=I16/I14} | J17: {=J16/J14} | K17: {=K16/K14} | ... M17: {=M16/M14} | Q17: Text_501 | S17: 0.62005695 | T17: 0.63346562 | U17: 0.62675688 | V17: 0.63411277 | W17: 0.59776576 | X17: 0.58005181 | Y17: 0.64166307 | Z17: 0.62857362 | AA17: 0.6562481 | AD17: Text_501 | AF17: 0.6488548 | AG17: 0.65714705 | AH17: 0.61498063 | AI17: 0.60495749 | AJ17: 0.64410214 | AK17: 0.62094118 | AL17: 0.60101466 | AM17: 0.65981782 | AN17: 0.66476255 | AQ17: Text_501 | AS17: 0.61939782 | AT17: 0.59283206 | AU17: 0.60698898 | AV17: 0.64372072 | AW17: 0.65321332 | AX17: 0.59740801 | AY17: 0.5879722 | AZ17: 0.66799932 | BA17: 0.61873951
B18: Text_502 | D18: {='Model'!AG230} | E18: {='Model'!AL230} | F18: {='Model'!AQ230} | G18: {='Model'!AV230} | H18: {='Model'!BA230} | I18: {='Model'!BF230} | J18: {='Model'!BK230} | K18: {='Model'!BP230} | L18: {='Model'!BU230} | M18: {='Model'!BZ230} | Q18: Text_502 | S18: 3089.1617 | T18: 5053.2864 | U18: 3905.6618 | V18: 4553.3612 | W18: 4597.221 | X18: 5646.2479 | Y18: 7213.0375 | Z18: 7227.5706 | AA18: 10193.87 | AD18: Text_502 | AF18: 3110.1855 | AG18: 3951.8993 | AH18: 4195.8541 | AI18: 4041.3459 | AJ18: 1196.592 | AK18: 1175.3171 | AL18: 1480.5573 | AM18: 1540.6911 | AN18: 1703.3991 | AQ18: Text_502 | AS18: 3228.8902 | AT18: 4611.8144 | AU18: 3795.666 | AV18: 3812.926 | AW18: 1342.4259 | AX18: 1411.2514 | AY18: 1252.9599 | AZ18: 1752.3042 | BA18: 1732.5068
B19: Text_503 | D19: {='Model'!AG238} | E19: {='Model'!AL238} | F19: {='Model'!AQ238} | G19: {='Model'!AV238} | H19: {='Model'!BA238} | I19: {='Model'!BF238} | J19: {='Model'!BK238} | K19: {='Model'!BP238} | L19: {='Model'!BU238} | M19: {='Model'!BZ238} | N19: {=(M19/H19)^(1/5)-1} | Q19: Text_503 | S19: 2757.4629 | T19: 3217.9264 | U19: 4769.1521 | V19: 4027.1021 | W19: 5719.1304 | X19: 6098.4388 | Y19: 6760.5273 | Z19: 7074.0238 | AA19: 6935.6339 | AB19: {=(AA19/V19)^(1/5)-1} | AD19: Text_503 | AF19: 2890.2693 | AG19: 4080.6395 | AH19: 4727.3275 | AI19: 3382.0824 | AJ19: {=AJ20*AJ14} | AK19: {=AK20*AK14} | AL19: {=AL20*AL14} | AM19: {=AM20*AM14} | AN19: {=AN20*AN14} | AO19: {=(AN19/AI19)^(1/5)-1} | AQ19: Text_503 | AS19: 2375.0264 | AT19: 4500.9873 | AU19: 4740.6438 | AV19: 4532.9068 | AW19: {=AW20*AW14} | AX19: {=AX20*AX14} | AY19: {=AY20*AY14} | AZ19: {=AZ20*AZ14} | BA19: {=BA20*BA14} | BB19: {=(BA19/AV19)^(1/5)-1}
B20: Text_504 | D20: {=D19/D14} | E20: {=E19/E14} | F20: {=F19/F14} | G20: {=G19/G14} | H20: {=H19/H14} | I20: {=H20+0.2%} | J20: {=I20+0.2%} | K20: {=J20+0.2%} | L20: {=K20+0.2%} | M20: {=L20+0.2%} | Q20: Text_504 | S20: 0.40446482 | T20: 0.42808474 | U20: 0.41904121 | V20: 0.41763974 | W20: 0.40323277 | X20: 0.40811906 | Y20: 0.38457936 | Z20: 0.40363144 | AA20: 0.41878413 | AD20: Text_504 | AF20: 0.37903704 | AG20: 0.40583284 | AH20: 0.40041046 | AI20: 0.38343337 | AJ20: 0.39441522 | AK20: {=AJ20+1%} | AL20: {=AK20+1%} | AM20: {=AL20+1%} | AN20: {=AM20+1%} | AQ20: Text_504 | AS20: 0.38706033 | AT20: 0.44559113 | AU20: 0.41098939 | AV20: 0.38059632 | AW20: 0.37743849 | AX20: 0.41302705 | AY20: 0.39867113 | AZ20: 0.42498615 | BA20: 0.41871992
B21: Text_505 | F21: {=(F19-E19)/(F14-E14)} | G21: {=(G19-F19)/(G14-F14)} | H21: {=(H19-G19)/(H14-G14)} | I21: {=(I19-H19)/(I14-H14)} | J21: {=(J19-I19)/(J14-I14)} | K21: {=(K19-J19)/(K14-J14)} | L21: {=(L19-K19)/(L14-K14)} | M21: {=(M19-L19)/(M14-L14)} | Q21: Text_505 | T21: 0.53851155 | U21: 0.31460331 | V21: 0.62135393 | W21: 0.52612783 | X21: 0.53581131 | Y21: 0.5220511 | Z21: 0.48045786 | AA21: 0.49353025 | AD21: Text_505 | AG21: 0.4967005 | AH21: 0.3328902 | AI21: 0.58138989 | AJ21: {=(AJ19-AI19)/(AJ14-AI14)} | AK21: {=(AK19-AJ19)/(AK14-AJ14)} | AL21: {=(AL19-AK19)/(AL14-AK14)} | AM21: {=(AM19-AL19)/(AM14-AL14)} | AN21: {=(AN19-AM19)/(AN14-AM14)} | AQ21: Text_505 | AT21: 0.5246321 | AU21: 0.31428702 | AV21: 0.61708918 | AW21: {=(AW19-AV19)/(AW14-AV14)} | AX21: {=(AX19-AW19)/(AX14-AW14)} | AY21: {=(AY19-AX19)/(AY14-AX14)} | AZ21: {=(AZ19-AY19)/(AZ14-AY14)} | BA21: {=(BA19-AZ19)/(BA14-AZ14)}
B22: Text_15 | F22: {=F19/E19-1} | G22: {=G19/F19-1} | H22: {=H19/G19-1} | I22: {=I19/H19-1} | J22: {=J19/I19-1} | K22: {=K19/J19-1} | L22: {=L19/K19-1} | M22: {=M19/L19-1} | Q22: Text_15 | T22: 0.45760296 | U22: 0.1109985 | V22: -0.099184448 | W22: 0.3056772 | X22: 0.073748034 | Y22: 0.090638057 | Z22: 0.16190947 | AA22: 0.15206149 | AD22: Text_15 | AG22: 0.41170818 | AH22: 0.10359983 | AI22: -0.089891081 | AJ22: {=AJ19/AI19-1} | AK22: {=AK19/AJ19-1} | AL22: {=AL19/AK19-1} | AM22: {=AM19/AL19-1} | AN22: {=AN19/AM19-1} | AQ22: Text_15 | AT22: 0.46136488 | AU22: 0.10336893 | AV22: -0.096583517 | AW22: {=AW19/AV19-1} | AX22: {=AX19/AW19-1} | AY22: {=AY19/AX19-1} | AZ22: {=AZ19/AY19-1} | BA22: {=BA19/AZ19-1}
B23: Text_506 | D23: {='Model'!AG257} | E23: {='Model'!AL257} | F23: {='Model'!AQ257} | G23: {='Model'!AV257} | H23: {='Model'!BA257} | I23: {='Model'!BF257} | J23: {='Model'!BK257} | K23: {='Model'!BP257} | L23: {='Model'!BU257} | M23: {='Model'!BZ257} | Q23: Text_506 | S23: 0.30671474 | T23: 0.35574635 | U23: 0.33096949 | V23: 0.34697412 | W23: 0.37628423 | X23: 0.34742761 | Y23: 0.38091697 | Z23: 0.39385367 | AA23: 0.39385226 | AD23: Text_506 | AF23: 0.34183048 | AG23: 0.33635838 | AH23: 0.34243451 | AI23: 0.31054442 | AJ23: {=$W$23/$W$20*AJ20} | AK23: {=AJ23/AJ20*AK20} | AL23: {=AK23/AK20*AL20} | AM23: {=AL23/AL20*AM20} | AN23: {=AM23/AM20*AN20} | AQ23: Text_506 | AS23: 0.3091522 | AT23: 0.37115345 | AU23: 0.33113273 | AV23: 0.34046528 | AW23: {=$W$23/$W$20*AW20} | AX23: {=AW23/AW20*AX20} | AY23: {=AX23/AX20*AY20} | AZ23: {=AY23/AY20*AZ20} | BA23: {=AZ23/AZ20*BA20}
B24: Text_507 | D24: {='Model'!AG269} | E24: {='Model'!AL269} | F24: {='Model'!AQ269} | G24: {='Model'!AV269} | H24: {='Model'!BA269} | I24: {='Model'!BF269} | J24: {='Model'!BK269} | K24: {='Model'!BP269} | L24: {='Model'!BU269} | M24: {='Model'!BZ269} | Q24: Text_507 | S24: 174.41852 | T24: 173.20879 | U24: 170.51349 | V24: 122.10507 | W24: 109.12925 | X24: 126.88819 | Y24: 110.06263 | Z24: 102.43461 | AA24: 117.03693 | AD24: Text_507 | AF24: 172.99374 | AG24: 155.52184 | AH24: 129.70707 | AI24: 144.59475 | AJ24: {=AI24*(1+AJ25)} | AK24: {=AJ24*(1+AK25)} | AL24: {=AK24*(1+AL25)} | AM24: {=AL24*(1+AM25)} | AN24: {=AM24*(1+AN25)} | AQ24: Text_507 | AS24: 138.70743 | AT24: 122.08038 | AU24: 155.03268 | AV24: 142.92788 | AW24: {=AV24*(1+AW25)} | AX24: {=AW24*(1+AX25)} | AY24: {=AX24*(1+AY25)} | AZ24: {=AY24*(1+AZ25)} | BA24: {=AZ24*(1+BA25)}
B25: Text_15 | F25: {=F24/E24-1} | G25: {=G24/F24-1} | H25: {=H24/G24-1} | I25: {=I24/H24-1} | J25: {=J24/I24-1} | K25: {=K24/J24-1} | L25: {=L24/K24-1} | M25: {=M24/L24-1} | Q25: Text_15 | T25: -0.025647677 | U25: -0.057633025 | V25: -0.044235478 | W25: -0.018449472 | X25: -0.016231046 | Y25: -0.018430476 | Z25: -0.020725208 | AA25: -0.021299146 | AD25: Text_15 | AG25: -0.025048465 | AH25: -0.079489619 | AI25: -0.029653351 | AJ25: -0.019846117 | AK25: -0.020553059 | AL25: -0.019704615 | AM25: -0.019277001 | AN25: -0.020258272 | AQ25: Text_15 | AT25: -0.026195764 | AU25: -0.078877435 | AV25: -0.028067509 | AW25: {=AJ25} | AX25: {=AW25} | AY25: {=AX25} | AZ25: {=AY25} | BA25: {=AZ25}
B26: Text_508 | D26: {='Model'!AG274} | E26: {='Model'!AL274} | F26: {='Model'!AQ274} | G26: {='Model'!AV274} | H26: {=(H23*H14)/H24} | I26: {='Model'!BF274} | J26: {='Model'!BK274} | K26: {='Model'!BP274} | L26: {='Model'!BU274} | M26: {='Model'!BZ274} | N26: {=(M26/H26)^(1/5)-1} | Q26: Text_508 | S26: 14.714737 | T26: 18.718143 | U26: 29.978649 | V26: 28.314139 | W26: 34.317464 | X26: 39.108877 | Y26: 42.099591 | Z26: 48.020116 | AA26: 44.982914 | AB26: {=(AA26/V26)^(1/5)-1} | AD26: Text_508 | AF26: 14.290277 | AG26: 22.638009 | AH26: 27.177506 | AI26: 22.539505 | AJ26: {=(AJ23*AJ14)/AJ24} | AK26: {=(AK23*AK14)/AK24} | AL26: {=(AL23*AL14)/AL24} | AM26: {=(AM23*AM14)/AM24} | AN26: {=(AN23*AN14)/AN24} | AO26: {=(AN26/AI26)^(1/5)-1} | AQ26: Text_508 | AS26: 17.1249 | AT26: 18.34339 | AU26: 25.379172 | AV26: 25.557547 | AW26: {=(AW23*AW14)/AW24} | AX26: {=(AX23*AX14)/AX24} | AY26: {=(AY23*AY14)/AY24} | AZ26: {=(AZ23*AZ14)/AZ24} | BA26: {=(BA23*BA14)/BA24} | BB26: {=(BA26/AV26)^(1/5)-1}
B27: Text_15 | F27: {=F26/E26-1} | G27: {=G26/F26-1} | H27: {=H26/G26-1} | I27: {=I26/H26-1} | J27: {=J26/I26-1} | K27: {=K26/J26-1} | L27: {=L26/K26-1} | M27: {=M26/L26-1} | Q27: Text_15 | T27: 0.46577486 | U27: 0.18604312 | V27: -0.049399325 | W27: 0.34704858 | X27: 0.078061672 | Y27: 0.11336365 | Z27: 0.18596351 | AA27: 0.18802246 | AD27: Text_15 | AG27: 0.45113297 | AH27: 0.2037524 | AI27: -0.067164058 | AJ27: {=AJ26/AI26-1} | AK27: {=AK26/AJ26-1} | AL27: {=AL26/AK26-1} | AM27: {=AM26/AL26-1} | AN27: {=AN26/AM26-1} | AQ27: Text_15 | AT27: 0.43385999 | AU27: 0.18651698 | AV27: -0.066664747 | AW27: {=AW26/AV26-1} | AX27: {=AX26/AW26-1} | AY27: {=AY26/AX26-1} | AZ27: {=AZ26/AY26-1} | BA27: {=BA26/AZ26-1}
AD28: Text_509 | AI28: {=AI26/$V$26-1} | AJ28: {=AJ26/$W$26-1} | AK28: {=AK26/$X$26-1} | AL28: {=AL26/$Y$26-1} | AM28: {=AM26/$Z$26-1} | AN28: {=AN26/$AA$26-1} | AQ28: Text_509 | AV28: {=AV26/$V$26-1} | AW28: {=AW26/$W$26-1} | AX28: {=AX26/$X$26-1} | AY28: {=AY26/$Y$26-1} | AZ28: {=AZ26/$Z$26-1} | BA28: {=BA26/$AA$26-1}
B29: Text_276 | D29: {='Model'!AG327} | E29: {='Model'!AL327} | F29: {='Model'!AQ327} | G29: {='Model'!AV327} | H29: {='Model'!BA327} | I29: {='Model'!BF327} | J29: {='Model'!BK327} | K29: {='Model'!BP327} | L29: {='Model'!BU327} | M29: {='Model'!BZ327} | N29: {=(M29/H29)^(1/5)-1} | Q29: Text_276 | S29: 13.12498 | T29: 21.42009 | U29: 26.569683 | V29: 24.953499 | W29: 38.020409 | X29: 35.150765 | Y29: 36.930816 | Z29: 41.523585 | AA29: 44.414547 | AB29: {=(AA29/V29)^(1/5)-1} | AD29: Text_276 | AF29: 12.938442 | AG29: 18.066787 | AH29: 27.738234 | AI29: 22.998215 | AJ29: {=AJ31*AJ26} | AK29: {=AK31*AK26} | AL29: {=AL31*AL26} | AM29: {=AM31*AM26} | AN29: {=AN31*AN26} | AO29: {=(AN29/AI29)^(1/5)-1} | AQ29: Text_276 | AS29: 13.0402 | AT29: 18.684975 | AU29: 19.483934 | AV29: 18.088668 | AW29: {=AW31*AW26} | AX29: {=AX31*AX26} | AY29: {=AY31*AY26} | AZ29: {=AZ31*AZ26} | BA29: {=BA31*BA26} | BB29: {=(BA29/AV29)^(1/5)-1}
B30: Text_15 | F30: {=F29/E29-1} | G30: {=G29/F29-1} | H30: {=H29/G29-1} | I30: {=I29/H29-1} | J30: {=J29/I29-1} | K30: {=K29/J29-1} | L30: {=L29/K29-1} | M30: {=M29/L29-1} | Q30: Text_15 | T30: 0.57173214 | U30: 0.16990829 | V30: -0.049682821 | W30: 0.46475623 | X30: 0.083516878 | Y30: 0.072167984 | Z30: 0.15855497 | AA30: 0.2022235 | AD30: Text_15 | AG30: 0.60737296 | AH30: 0.18874619 | AI30: -0.06433417 | AJ30: {=AJ29/AI29-1} | AK30: {=AK29/AJ29-1} | AL30: {=AL29/AK29-1} | AM30: {=AM29/AL29-1} | AN30: {=AN29/AM29-1} | AQ30: Text_15 | AT30: 0.56119484 | AU30: 0.20463936 | AV30: -0.06649442 | AW30: {=AW29/AV29-1} | AX30: {=AX29/AW29-1} | AY30: {=AY29/AX29-1} | AZ30: {=AZ29/AY29-1} | BA30: {=BA29/AZ29-1}
B31: Text_510 | F31: {=F29/F26} | G31: {=G29/G26} | H31: {=H29/H26} | I31: {=I29/I26} | J31: {=J29/J26} | K31: {=K29/K26} | L31: {=L29/L26} | M31: {=M29/M26} | Q31: Text_510 | T31: 0.87874333 | U31: 0.98502564 | V31: 0.95270194 | W31: 1.0539539 | X31: 0.98931033 | Y31: 1.0014375 | Z31: 0.87910091 | AA31: 0.92068736 | AD31: Text_510 | AG31: 0.88336709 | AH31: 0.99475161 | AI31: 0.97699162 | AJ31: 1.0470063 | AK31: 1.0583954 | AL31: 0.94468046 | AM31: 0.98474635 | AN31: 0.94280465 | AQ31: Text_510 | AT31: 0.90133896 | AU31: 0.90170707 | AV31: 0.93351408 | AW31: 0.92068454 | AX31: 0.89945723 | AY31: 0.9078822 | AZ31: 0.90532157 | BA31: 1.0099231
B33: Text_300 | D33: {='Model'!AG355} | E33: {='Model'!AL355} | F33: {='Model'!AQ355} | G33: {='Model'!AV355} | H33: {='Model'!BA355} | I33: {='Model'!BF355} | J33: {='Model'!BK355} | K33: {='Model'!BP355} | L33: {='Model'!BU355} | M33: {='Model'!BZ355} | Q33: Text_300 | S33: -1046.5941 | T33: -4692.2802 | U33: -2583.7603 | V33: -1937.6521 | W33: -3493.7876 | X33: -2381.4075 | Y33: -2173.2878 | Z33: -1898.6086 | AA33: -1385.6609 | AD33: Text_300 | AF33: -855.87193 | AG33: -3723.9584 | AH33: -2831.8422 | AI33: -1754.1206 | AQ33: Text_300 | AS33: -838.44086 | AT33: -4441.3023 | AU33: -2273.6564 | AV33: -1992.3166
B34: Text_511 | D34: {=-D33/D18} | E34: {=-E33/E18} | F34: {=-F33/F18} | G34: {=-G33/G18} | H34: {=-H33/H18} | I34: {=-I33/I18} | J34: {=-J33/J18} | K34: {=-K33/K18} | ... M34: {=-M33/M18} | Q34: Text_511 | S34: 0.32726024 | T34: 0.88592794 | U34: 0.52917925 | V34: 0.49362099 | W34: 0.54845909 | X34: 0.43433248 | Y34: 0.38228046 | Z34: 0.27248358 | AA34: 0.19335923 | AD34: Text_511 | AF34: 0.31231546 | AG34: 0.88458492 | AH34: 0.56961905 | AI34: 0.47971185 | AQ34: Text_511 | AS34: 0.31158 | AT34: 0.876932 | AU34: 0.55733499 | AV34: 0.4818766
Q36: Text_512 | S36: {=$R$3/S26} | T36: {=$R$3/T26} | U36: {=$R$3/U26} | V36: {=$C$3/V26} | W36: {=$C$3/W26} | X36: {=$C$3/X26} | Y36: {=$C$3/Y26} | Z36: {=$C$3/Z26} | AA36: {=$C$3/AA26} | AD36: Text_513 | AF36: 43.136996 | AG36: 21.624483 | AH36: 21.200955 | AI36: {=$C$3/AI26} | AJ36: {=$AE$3/AJ26} | AK36: {=$AE$3/AK26} | AL36: {=$AE$3/AL26} | AM36: {=$AE$3/AM26} | AN36: {=$AE$3/AN26} | AQ36: Text_514 | AS36: {=$AR$3/AS26} | AT36: 23.382214 | AU36: 23.707847 | AV36: {=$C$3/AV26} | AW36: {=$C$3/AW26} | AX36: {=$C$3/AX26} | AY36: {=$C$3/AY26} | AZ36: {=$C$3/AZ26} | BA36: {=$C$3/BA26}
Q37: Text_515 | S37: {=S29/$R$3} | T37: {=T29/$R$3} | U37: {=U29/$R$3} | V37: {=V29/$R$3} | W37: {=W29/$R$3} | X37: {=X29/$R$3} | Y37: {=Y29/$R$3} | Z37: {=Z29/$R$3} | AA37: {=AA29/$R$3} | AD37: Text_516 | AF37: 0.022834103 | AG37: 0.036465877 | AH37: 0.044263938 | AI37: {=AI29/$R$3} | AJ37: {=AJ29/$AE$3} | AK37: {=AK29/$AE$3} | AL37: {=AL29/$AE$3} | AM37: {=AM29/$AE$3} | AN37: {=AN29/$AE$3} | AQ37: Text_516 | AS37: {=AS29/$AR$3} | AT37: 0.052147746 | AU37: 0.048515994 | AV37: {=AV29/$R$3} | AW37: {=AW29/$R$3} | AX37: {=AX29/$R$3} | AY37: {=AY29/$R$3} | AZ37: {=AZ29/$R$3} | BA37: {=BA29/$R$3}
Q39: Text_517 | X39: 23.349809 | Y39: 24.992951 | Z39: 25.11139 | AA39: 23.116154 | AD39: Text_518 | AK39: 21.817499 | AL39: 19.317465 | AM39: 20.910897 | AN39: 21.933132 | AQ39: Text_519 | AX39: 20.93758 | AY39: 19.865447 | AZ39: 21.570551 | BA39: 17.002107
B40: Text_520 | Q40: Text_521 | X40: {=X39*X26} | Y40: {=Y39*Y26} | Z40: {=Z39*Z26} | AA40: {=AA39*AA26} | AD40: Text_522 | AK40: {=AK39*AK26} | AL40: {=AL39*AL26} | AM40: {=AM39*AM26} | AN40: {=AN39*AN26} | AQ40: Text_523 | AX40: {=AX39*AX26} | AY40: {=AY39*AY26} | AZ40: {=AZ39*AZ26} | BA40: {=BA39*BA26}
B41: {=C3} | G41: Text_483 | H41: Text_484 | I41: Text_485 | K41: Text_524 | Q41: Text_525 | X41: {=X40/$C$3-1} | Y41: {=Y40/$C$3-1} | Z41: {=Z40/$C$3-1} | AA41: {=AA40/$C$3-1} | AD41: Text_525 | AK41: {=AK40/$C$3-1} | AL41: {=AL40/$C$3-1} | AM41: {=AM40/$C$3-1} | AN41: {=AN40/$C$3-1} | AQ41: Text_525 | AX41: {=AX40/$C$3-1} | AY41: {=AY40/$C$3-1} | AZ41: {=AZ40/$C$3-1} | BA41: {=BA40/$C$3-1}
L42: Text_526 | Q42: Text_527 | X42: {=X40/X29} | Y42: {=Y40/Y29} | Z42: {=Z40/Z29} | AA42: {=AA40/AA29} | AD42: Text_527 | AK42: {=AK40/AK29} | AL42: {=AL40/AL29} | AM42: {=AM40/AM29} | AN42: {=AN40/AN29} | AQ42: Text_527 | AX42: {=AX40/AX29} | AY42: {=AY40/AY29} | AZ42: {=AZ40/AZ29} | BA42: {=BA40/BA29}
B43: Text_528 | G43: {=O7} | H43: {=AO7} | I43: {=BB7} | K43: Text_529 | N43: {=(1/2*E26)+(1/2*D26)}
B44: Text_530 | G44: {=O9} | H44: {=AO9} | I44: {=BB9} | K44: Text_531 | N44: {=(1/2*F26)+(1/2*E26)} | O44: {=N44/N43-1} | AD44: Text_532 | AI44: Text_533 | AQ44: Text_534 | AV44: Text_535
B45: Text_536 | G45: {=O12} | H45: {=AO12} | I45: {=BB12} | K45: Text_537 | N45: {=(1/2*G26)+(1/2*F26)} | O45: {=N45/N44-1} | Q45: Text_538 | X45: 0 | Y45: 0 | Z45: {=(AA45+Y45)/2} | AA45: {=R55} | AD45: Text_539 | AE45: {=TODAY()} | AI45: Text_540 | AL45: {=AE45+(2*365)} | AQ45: Text_539 | AR45: {=TODAY()} | AV45: Text_540 | AY45: {=AR45+(2*365)}
B46: Text_541 | G46: {=O14} | H46: {=AO14} | I46: {=BB14} | K46: Text_542 | N46: {=(1/2*H26)+(1/2*G26)} | O46: {=N46/N45-1} | Q46: Text_543 | X46: {=X39/X45} | Y46: {=Y39/Y45} | Z46: {=Z39/Z45} | AA46: {=Z39/AA45} | AD46: Text_544 | AE46: {=R52} | AI46: Text_545 | AL46: {=365-AL47} | AQ46: Text_544 | AR46: {=AE46} | AV46: Text_545 | AY46: {=365-AY47}
B47: Text_546 | G47: {=O19} | H47: {=AO19} | I47: {=BB19} | J47: {=N47/L47-1} | K47: Text_547 | L47: 28.643703 | N47: {=(1/2*I26)+(1/2*H26)} | O47: {=N47/N46-1} | P47: {=$C$3/N47} | AD47: Text_548 | AE47: {=AE64} | AH47: CY29 | AI47: Text_549 | AL47: {=AL45-AK5} | AQ47: Text_548 | AR47: {=AR64} | AU47: CY29 | AV47: Text_549 | AY47: {=AY45-AX5}
B48: Text_550 | G48: {=O26} | H48: {=AO26} | I48: {=BB26} | J48: {=N48/L48-1} | K48: Text_551 | L48: 29.420782 | M48: {=N48/L48-1} | N48: {=(1/2*J26)+(1/2*I26)} | O48: {=N48/N47-1} | P48: {=$C$3/N48} | AD48: Text_552 | AE48: {=AN39} | AI48: Text_553 | AL48: {=((AL46*AK39)+(AL47*AL39))/365} | AQ48: Text_552 | AR48: {=BA39} | AV48: Text_553 | AY48: {=((AY46*AX39)+(AY47*AY39))/365}
J49: {=N49/L49-1} | K49: Text_554 | L49: 34.448537 | M49: {=N49/L49-1} | N49: {=(1/2*K26)+(1/2*J26)} | O49: {=N49/N48-1} | P49: {=$C$3/N49} | AD49: Text_555 | AE49: 15.705535 | AI49: Text_556 | AL49: {=Y55} | AQ49: Text_555 | AR49: 17.679661 | AV49: Text_556 | AY49: {=AL49}
B50: Text_557 | G50: 0.9501336 | H50: {=G50} | I50: {=H50} | K50: Text_558 | N50: {=(1/2*L26)+(1/2*K26)} | O50: {=N50/N49-1} | P50: {=$C$3/N50} | Q50: Text_559 | V50: Text_560 | AD50: Text_561 | AE50: {=AE48/AE49} | AI50: Text_561 | AL50: {=AL48/AL49} | AQ50: Text_561 | AR50: {=AR48/AR49} | AV50: Text_561 | AY50: {=AY48/AY49}
B51: Text_562 | G51: {=Y54} | H51: {=AL48} | I51: {=AY48} | K51: Text_563 | N51: {=(1/2*M26)+(1/2*L26)} | O51: {=N51/N50-1} | P51: {=$C$3/N51} | Q51: Text_539 | R51: {=TODAY()} | V51: Text_540 | Y51: {=R51+(2*365)} | AD51: Text_564 | AE51: {=AE48*AE47} | AI51: Text_565 | AL51: {=((AK40*AL46)+(AL40*AL47))/365} | AQ51: Text_564 | AR51: {=AR48*AR47} | AV51: Text_566 | AY51: {=((AX40*AY46)+(AY40*AY47))/365}
B52: Text_567 | G52: {=Y55} | H52: {=AL49} | I52: {=AY49} | K52: Text_568 | N52: {=N51*(1+M27)} | O52: {=N52/N51-1} | Q52: Text_544 | R52: 47118 | V52: Text_545 | Y52: {=365-Y53} | AD52: Text_525 | AE52: {=(AE51)/AE3-1} | AI52: Text_569 | AL52: {=AL51/AE3-1} | AQ52: Text_525 | AR52: {=(AR51)/AR3-1} | AV52: Text_569 | AY52: {=AY51/AR3-1}
B53: Text_570 | G53: {=Y56} | H53: {=AL50} | I53: {=AY50} | K53: Text_571 | N53: {=(1/2*E29)+(1/2*D29)} | Q53: Text_548 | R53: {=N52} | U53: CY29 | V53: Text_549 | Y53: {=Y51-X5} | AD53: Text_572 | AE53: {=(AE46-AE45)/365} | AI53: Text_573 | AL53: {=AE54} | AQ53: Text_572 | AR53: {=(AR46-AR45)/365} | AV53: Text_573 | AY53: {=AR54}
B54: Text_574 | G54: {=Y57} | H54: {=AL51} | I54: {=AY51} | K54: Text_575 | N54: {=(1/2*F29)+(1/2*E29)} | Q54: Text_552 | R54: {=AA39} | V54: Text_553 | Y54: {=((Y52*X39)+(Y53*Y39))/365} | Z54: {=R54} | AD54: Text_576 | AE54: {=R60} | AQ54: Text_576 | AR54: {=AE54}
B55: Text_577 | G55: {=Y58+Y59} | H55: {=AL52+AL53} | I55: {=AY52+AY53} | K55: Text_578 | N55: {=(1/2*G29)+(1/2*F29)} | Q55: Text_555 | R55: 14.057083 | V55: Text_556 | Y55: {=((Y52*X45)+(Y53*Y45))/365} | Z55: {=R55} | AD55: Text_579 | AE55: {=((AE51/AE3)^(1/AE53)-1)+AE54} | AQ55: Text_579 | AR55: {=((AR51/AR3)^(1/AR53)-1)+AR54}
K56: Text_580 | N56: {=(1/2*H29)+(1/2*G29)} | Q56: Text_561 | R56: {=R54/R55} | V56: Text_561 | Y56: {=Y54/Y55} | Z56: {=Z54/Z55}
B57: Text_581 | G57: {=R54} | H57: {=AE48} | I57: {=AR48} | K57: Text_582 | N57: {=(1/2*I29)+(1/2*H29)} | Q57: Text_564 | R57: {=R54*R53} | V57: Text_583 | Y57: {=Y54*(((X26*Y52)+(Y26*Y53))/365)} | Z57: {=Z54*(((X26*Y52)+(Y26*Y53))/365)}
B58: Text_584 | G58: {=R55} | H58: {=AE49} | I58: {=AR49} | K58: Text_585 | N58: {=(1/2*J29)+(1/2*I29)} | Q58: Text_525 | R58: {=(R57)/R3-1} | V58: Text_569 | Y58: {=Y57/R3-1} | Z58: {=Z57/R3-1} | AD58: Text_586 | AE58: Text_163 | AQ58: Text_586 | AR58: Text_164 | AV58: Text_587 | AX58: Text_588 | AY58: Text_497
B59: Text_570 | G59: {=R56} | H59: {=AE50} | I59: {=AR50} | K59: Text_589 | N59: {=(1/2*K29)+(1/2*J29)} | Q59: Text_572 | R59: {=(R52-R51)/365} | V59: Text_573 | Y59: {=R60} | Z59: 0.013782504 | AD59: 1761.278 | AE59: {=(0.5*AI26)+(0.5*AJ26)} | AQ59: 2078.832 | AR59: {=(0.5*AV26)+(0.5*AW26)} | AS59: {=(0.5*AW26)+(0.5*AX26)} | AT59: {=(0.5*AX26)+(0.5*AY26)} | AU59: 2088.213 | AV59: {=(0.5*AV14)+(0.5*AW14)} | AX59: {=(0.5*AV9)+(0.5*AW9)} | AY59: {=AX59/AV59}
B60: Text_573 | G60: {=R60} | H60: {=AE54} | I60: {=AR54} | K60: Text_590 | N60: {=(1/2*L29)+(1/2*K29)} | Q60: Text_573 | R60: {='Model'!BA412} | AD60: 2016.5958 | AE60: {=(0.5*AJ26)+(0.5*AK26)} | AQ60: 2142.2437 | AR60: {=(0.5*AW26)+(0.5*AX26)} | AU60: 1806.1596 | AV60: {=(0.5*AW14)+(0.5*AX14)} | AX60: {=(0.5*AW9)+(0.5*AX9)} | AY60: {=AX60/AV60}
B61: Text_459 | G61: {=R61} | H61: {=AE55} | I61: {=AR55} | K61: Text_591 | N61: {=(1/2*M29)+(1/2*L29)} | O61: {=(N61/N56)^(1/5)-1} | P61: Text_492 | Q61: Text_579 | R61: {=((R57/R3)^(1/R59)-1)+R60} | V61: Text_592 | W61: 1.0070216 | AD61: 1922.4092 | AE61: {=(0.5*AK26)+(0.5*AL26)} | AQ61: 2157.0151 | AR61: {=(0.5*AX26)+(0.5*AY26)} | AU61: 1735.2476 | AV61: {=(0.5*AX14)+(0.5*AY14)} | AX61: {=(0.5*AX9)+(0.5*AY9)} | AY61: {=AX61/AV61}
N62: {=N61/54.46-1} | V62: Text_593 | W62: 0.85803277 | AD62: 1771.8172 | AE62: {=(0.5*AL26)+(0.5*AM26)} | AQ62: 1847.5238 | AR62: {=(0.5*AY26)+(0.5*AZ26)} | AU62: 1798.9299 | AV62: {=(0.5*AY14)+(0.5*AZ14)} | AX62: {=(0.5*AY9)+(0.5*AZ9)} | AY62: {=AX62/AV62}
B63: Text_594 | G63: {=I11} | H63: {=AJ11} | I63: {=AW11} | V63: Text_595 | W63: 1.1205227 | AD63: 2292.2167 | AE63: {=(0.5*AM26)+(0.5*AN26)} | AQ63: 1854.166 | AR63: {=(0.5*AZ26)+(0.5*BA26)} | AU63: 2374.4828 | AV63: {=(0.5*AZ14)+(0.5*BA14)} | AX63: {=(0.5*AZ9)+(0.5*BA9)} | AY63: {=AX63/AV63}
B64: Text_596 | D64: 0 | E64: 0 | G64: {=L11} | H64: {=AM11} | I64: {=AZ11} | K64: Text_597 | N64: {=(1/2*I14)+(1/2*H14)} | AD64: 2410.3924 | AE64: {=AE63*(1+AN27)} | AQ64: 2086.835 | AR64: {=AR63*(1+BA27)}
K65: Text_598 | N65: {=(1/2*J14)+(1/2*I14)}
K66: Text_599 | N66: {=(1/2*K14)+(1/2*J14)}
K67: Text_600 | N67: {=(1/2*L14)+(1/2*K14)}
K69: Text_601 | N69: {=(1/2*I19)+(1/2*H19)}
K70: Text_602 | N70: {=(1/2*J19)+(1/2*I19)}
K71: Text_603 | N71: {=(1/2*K19)+(1/2*J19)}
K72: Text_604 | N72: {=(1/2*L19)+(1/2*K19)}
T75: Text_605

Sheet Sheet_5
B2: Text_607 | C2: 0.085716013
B3: Text_608 | C3: 0.029498193
B4: Text_609 | C4: {='Model'!BF252}
B5: Text_610 | C5: {=TODAY()}
B6: Text_611 | C6: -0.34310022
D7: 45657 | E7: {=EOMONTH(D7,12)} | F7: {=EOMONTH(E7,12)} | G7: {=EOMONTH(F7,12)} | H7: {=EOMONTH(G7,12)} | I7: {=EOMONTH(H7,12)} | J7: {=EOMONTH(I7,12)} | K7: {=EOMONTH(J7,12)} | L7: {=EOMONTH(K7,12)} | ... AQ7: {=EOMONTH(AP7,12)}
D8: 1916.6395 | E8: 1690.4839 | F8: 2072.0185 | G8: 2306.824 | H8: 2268.0555 | I8: 1765.3299 | J8: 2170.2849 | K8: 1803.9377 | L8: 1802.9591 | M8: 2337.1952 | N8: 1830.3307 | O8: 1842.2833 | P8: 1629.3321 | Q8: 2339.0211 | R8: 2276.5233 | S8: 2142.8495 | T8: 2244.2169 | U8: 1756.9325 | V8: 2007.9587 | W8: 1921.4165 | X8: 1711.8717 | Y8: 2033.6547 | Z8: 2390.3333 | AA8: 1670.4004 | AB8: 1877.1648 | AC8: 1809.3006 | AD8: 1835.2803 | AE8: 2386.0797 | AF8: 2025.7911 | AG8: 2025.3251 | AH8: 2268.0889 | AI8: 1770.9926 | AJ8: 2045.527 | AK8: 1999.3918 | AL8: 2137.7769 | AM8: 2470.4357 | AN8: 2282.0259 | AO8: 1976.8005 | AP8: 2332.1658 | AQ8: 1791.2685
B9: Text_612 | D9: {=(D7-$C$5)/365} | E9: {=(E7-$C$5)/365} | F9: {=(F7-$C$5)/365} | G9: {=(G7-$C$5)/365} | H9: {=(H7-$C$5)/365} | I9: {=(I7-$C$5)/365} | J9: {=(J7-$C$5)/365} | K9: {=(K7-$C$5)/365} | ... AQ9: {=(AQ7-$C$5)/365}
B10: Text_613 | D10: {=1/(1+$C$2)^D9} | E10: {=1/(1+$C$2)^E9} | F10: {=1/(1+$C$2)^F9} | G10: {=1/(1+$C$2)^G9} | H10: {=1/(1+$C$2)^H9} | I10: {=1/(1+$C$2)^I9} | J10: {=1/(1+$C$2)^J9} | K10: {=1/(1+$C$2)^K9} | ... AQ10: {=1/(1+$C$2)^AQ9}
B12: Text_614 | D12: {='Model'!BA94} | E12: {='Model'!BF94} | F12: {='Model'!BK94} | G12: {='Model'!BP94} | H12: {='Model'!BU94} | I12: {=H12*(1+I13)} | J12: {=I12*(1+J13)} | K12: {=J12*(1+K13)} | L12: {=K12*(1+L13)} | M12: {=L12*(1+M13)} | N12: {=M12*(1+N13)} | O12: {=N12*(1+O13)} | P12: {=O12*(1+P13)} | ... AQ12: {=AP12*(1+AQ13)} | AR12: {=(AQ12/D12)^(1/39)-1}
B13: Text_15 | E13: {=E12/D12-1} | F13: {=F12/E12-1} | G13: {=G12/F12-1} | H13: {=H12/G12-1} | I13: {=I15} | J13: {=J15} | K13: {=K15} | L13: {=L15} | M13: {=M15} | N13: {=N15} | O13: {=O15} | P13: {=P15} | ... AQ13: {=AQ15}
B14: Text_615 | D14: {='Model'!BA101} | E14: {='Model'!BF101} | F14: {='Model'!BK101} | G14: {='Model'!BP101} | H14: {='Model'!BU101} | I14: {=I19/I16} | J14: {=J19/J16} | K14: {=K19/K16} | L14: {=L19/L16} | M14: {=M19/M16} | N14: {=N19/N16} | O14: {=O19/O16} | P14: {=P19/P16} | ... AQ14: {=AQ19/AQ16} | AR14: {=(AQ14/D14)^(1/39)-1}
B15: Text_15 | E15: {=E14/D14-1} | F15: {=F14/E14-1} | G15: {=G14/F14-1} | H15: {=H14/G14-1} | I15: {=I14/H14-1} | J15: {=J14/I14-1} | K15: {=K14/J14-1} | L15: {=L14/K14-1} | ... AQ15: {=AQ14/AP14-1}
B16: Text_616 | D16: {=D19/D14} | E16: {=E19/E14} | F16: {=F19/F14} | G16: {=G19/G14} | H16: {=H19/H14} | I16: {=H16-0.2%} | J16: {=I16-0.2%} | K16: {=J16-0.2%} | L16: {=K16-0.2%} | M16: {=L16-0.2%} | N16: {=M16-0.2%} | O16: {=N16-0.2%} | P16: {=O16-0.1%} | Q16: {=P16-0.1%} | R16: {=Q16-0.1%} | S16: {=R16-0.1%} | T16: {=S16-0.1%} | U16: {=T16-0.1%} | V16: {=U16-0.1%} | W16: {=V16-0.1%} | ... Z16: {=Y16-0.1%} | AA16: {=Z16} | AB16: {=AA16} | AC16: {=AB16} | AD16: {=AC16} | AE16: {=AD16} | AF16: {=AE16} | AG16: {=AF16} | AH16: {=AG16} | ... AQ16: {=AP16}
B17: Text_617 | D17: {=D19/D12} | E17: {=E19/E12} | F17: {=F19/F12} | G17: {=G19/G12} | H17: {=H19/H12} | I17: {=I19/I12} | J17: {=J19/J12} | K17: {=K19/K12} | ... AQ17: {=AQ19/AQ12}
B19: Text_618 | D19: {='Model'!BA111} | E19: {='Model'!BF111} | F19: {='Model'!BK111} | G19: {='Model'!BP111} | H19: {=G19*(1+H20)} | I19: {=H19*(1+I20)} | J19: {=I19*(1+J20)} | K19: {=J19*(1+K20)} | L19: {=K19*(1+L20)} | M19: {=L19*(1+M20)} | N19: {=M19*(1+N20)} | O19: {=N19*(1+O20)} | ... AQ19: {=AP19*(1+AQ20)} | AR19: {=(AQ19/D19)^(1/39)-1}
B20: Text_15 | E20: {=E19/D19-1} | F20: {=F19/E19-1} | G20: {=G19/F19-1} | H20: 0.11248742 | I20: {=H20} | J20: 0.11527117 | K20: -0.097872154 | L20: 0.15021162 | M20: 0.11168856 | N20: {=M20} | O20: {=N20} | P20: {=O20} | Q20: {=P20} | R20: {=Q20} | S20: {=R20} | T20: {=S20} | U20: -0.10547474 | V20: 0.15019708 | W20: 0.10001701 | X20: {=W20} | Y20: {=X20} | Z20: {=Y20} | AA20: {=Z20} | AB20: {=AA20} | AC20: {=AB20} | AD20: {=AC20} | AE20: -0.09400324 | AF20: 0.14069823 | AG20: 0.09061392 | AH20: {=AG20} | AI20: {=AH20} | AJ20: {=AI20} | AK20: {=AJ20} | AL20: {=AK20} | AM20: {=AL20} | AN20: {=AM20} | AO20: -0.099175715 | AP20: 0.15678361 | AQ20: 0.076380582
B21: Text_619 | D21: {='Valuation'!N69} | E21: {='Valuation'!N70} | F21: {='Valuation'!N71} | G21: {='Valuation'!N72} | H21: {=G21+(H19-G19)*H23} | I21: {=H21+(I19-H19)*I23} | J21: {=I21+(J19-I19)*J23} | K21: {=J21+(K19-J19)*K23} | L21: {=K21+(L19-K19)*L23} | M21: {=L21+(M19-L19)*M23} | N21: {=M21+(N19-M19)*N23} | O21: {=N21+(O19-N19)*O23} | ... AQ21: {=AP21+(AQ19-AP19)*AQ23} | AR21: {=(AQ21/D21)^(1/39)-1}
B22: Text_620 | D22: {=D21/D19} | E22: {=E21/E19} | F22: {=F21/F19} | G22: {=G21/G19} | H22: {=H21/H19} | I22: {=I21/I19} | J22: {=J21/J19} | K22: {=K21/K19} | ... AQ22: {=AQ21/AQ19}
B23: Text_621 | D23: {=(D21-C21)/(D19-C19)} | E23: {=(E21-D21)/(E19-D19)} | F23: {=(F21-E21)/(F19-E19)} | G23: {=(G21-F21)/(G19-F19)} | H23: 0.51516459 | I23: {=H23} | J23: {=I23} | K23: 0.64558336 | L23: 0.53074843 | M23: {=L23} | N23: {=M23} | O23: {=N23} | P23: {=O23} | Q23: {=P23} | R23: {=Q23} | S23: {=R23} | T23: {=S23} | U23: 0.61096658 | V23: 0.56647054 | W23: {=V23} | X23: {=W23} | Y23: {=X23} | Z23: {=Y23} | AA23: {=Z23} | AB23: {=AA23} | AC23: {=AB23} | AD23: {=AC23} | AE23: 0.61633806 | AF23: 0.55794343 | AG23: {=AF23} | AH23: {=AG23} | AI23: {=AH23} | AJ23: {=AI23} | AK23: {=AJ23} | AL23: {=AK23} | AM23: {=AL23} | AN23: {=AM23} | AO23: 0.63102431 | AP23: 0.52605638 | AQ23: {=AP23}
B24: Text_15 | E24: {=E21/D21-1} | F24: {=F21/E21-1} | G24: {=G21/F21-1} | H24: {=H21/G21-1} | I24: {=I21/H21-1} | J24: {=J21/I21-1} | K24: {=K21/J21-1} | L24: {=L21/K21-1} | ... AQ24: {=AQ21/AP21-1}
B25: Text_622 | D25: {=D21*(1-$C$4)} | E25: {=E21*(1-$C$4)} | F25: {=F21*(1-$C$4)} | G25: {=G21*(1-$C$4)} | H25: {=H21*(1-$C$4)} | I25: {=I21*(1-$C$4)} | J25: {=J21*(1-$C$4)} | K25: {=K21*(1-$C$4)} | ... AQ25: {=AQ21*(1-$C$4)} | AR25: {=(AQ25/D25)^(1/39)-1}
B26: Text_623 | D26: {=D27*D19} | E26: {=E27*E19} | F26: {=F27*F19} | G26: {=G27*G19} | H26: {=H27*H19} | I26: {=I27*I19} | J26: {=J27*J19} | K26: {=K27*K19} | ... AQ26: {=AQ27*AQ19} | AR26: {=(AQ26/D26)^(1/39)-1}
B27: Text_100 | D27: 0.039358675 | E27: {=D27-0.5%} | F27: {=E27-0.5%} | G27: {=F27-0.5%} | H27: {=G27} | I27: {=H27} | J27: {=I27} | K27: {=J27} | L27: {=K27} | M27: {=L27} | N27: {=M27} | O27: {=N27} | ... AQ27: {=AP27}
B28: Text_611 | D28: {=(0.5*'Model'!BA309)+(0.5*'Model'!BF309)} | E28: {=(0.5*'Model'!BF309)+(0.5*'Model'!BK309)} | F28: {=(0.5*'Model'!BK309)+(0.5*'Model'!BP309)} | G28: {=(0.5*'Model'!BP309)+(0.5*'Model'!BU309)} | H28: {=(H19-G19)*$C$6} | I28: {=(I19-H19)*$C$6} | J28: {=(J19-I19)*$C$6} | K28: {=(K19-J19)*$C$6} | L28: {=(L19-K19)*$C$6} | M28: {=(M19-L19)*$C$6} | N28: {=(N19-M19)*$C$6} | O28: {=(O19-N19)*$C$6} | ... AQ28: {=(AQ19-AP19)*$C$6}
B29: Text_624 | E29: {=E28/(E19-D19)} | F29: {=F28/(F19-E19)} | G29: {=G28/(G19-F19)} | H29: {=H28/(H19-G19)} | I29: {=I28/(I19-H19)} | J29: {=J28/(J19-I19)} | K29: {=K28/(K19-J19)} | L29: {=L28/(L19-K19)} | ... AQ29: {=AQ28/(AQ19-AP19)}
B30: Text_625 | D30: {=D28/D19} | E30: {=E28/E19} | F30: {=F28/F19} | G30: {=G28/G19} | H30: {=H28/H19} | I30: {=I28/I19} | J30: {=J28/J19} | K30: {=K28/K19} | ... AQ30: {=AQ28/AQ19}
B31: Text_626 | D31: {=(0.5*'Model'!BA320)+(0.5*'Model'!BF320)} | E31: {=(0.5*'Model'!BF320)+(0.5*'Model'!BK320)} | F31: {=(0.5*'Model'!BK320)+(0.5*'Model'!BP320)} | G31: {=(0.5*'Model'!BP320)+(0.5*'Model'!BU320)} | H31: {=-H32*H19} | I31: {=-I32*I19} | J31: {=-J32*J19} | K31: {=-K32*K19} | L31: {=-L32*L19} | M31: {=-M32*M19} | N31: {=M31*(1+N20)} | O31: {=N31*(1+O20)} | P31: {=O31*(1+P20)} | Q31: {=P31*(1+Q20)} | R31: {=Q31*(1+R20)} | S31: {=R31*(1+S20)} | T31: {=S31*(1+T20)} | U31: {=-U32*U19} | V31: {=-V32*V19} | W31: {=-W32*W19} | X31: {=W31*(1+X20)} | Y31: {=X31*(1+Y20)} | Z31: {=Y31*(1+Z20)} | AA31: {=Z31*(1+AA20)} | AB31: {=AA31*(1+AB20)} | AC31: {=AB31*(1+AC20)} | AD31: {=AC31*(1+AD20)} | AE31: {=-AE32*AE19} | AF31: {=-AF32*AF19} | AG31: {=-AG32*AG19} | AH31: {=AG31*(1+AH20)} | AI31: {=AH31*(1+AI20)} | AJ31: {=AI31*(1+AJ20)} | AK31: {=AJ31*(1+AK20)} | AL31: {=AK31*(1+AL20)} | AM31: {=AL31*(1+AM20)} | AN31: {=AM31*(1+AN20)} | AO31: {=-AO32*AO19} | AP31: {=-AP32*AP19} | AQ31: {=-AQ32*AQ19} | AR31: {=(AQ31/D31)^(1/39)-1}
B32: Text_100 | D32: {=-D31/D19} | E32: {=-E31/E19} | F32: {=-F31/F19} | G32: {=-G31/G19} | H32: {=G32-0.1%} | I32: {=H32-0.1%} | J32: {=I32-0.1%} | K32: 0.031205783 | L32: {=K32-0.1%} | M32: {=L32-0.1%} | N32: {=-N31/N19} | O32: {=-O31/O19} | P32: {=-P31/P19} | Q32: {=-Q31/Q19} | R32: {=-R31/R19} | S32: {=-S31/S19} | T32: {=-T31/T19} | U32: 0.029568374 | V32: {=U32-0.1%} | W32: {=V32-0.1%} | X32: {=-X31/X19} | Y32: {=-Y31/Y19} | Z32: {=-Z31/Z19} | AA32: {=-AA31/AA19} | AB32: {=-AB31/AB19} | AC32: {=-AC31/AC19} | AD32: {=-AD31/AD19} | AE32: 0.031003079 | AF32: {=AE32-0.1%} | AG32: {=AF32-0.1%} | AH32: {=-AH31/AH19} | AI32: {=-AI31/AI19} | AJ32: {=-AJ31/AJ19} | AK32: {=-AK31/AK19} | AL32: {=-AL31/AL19} | AM32: {=-AM31/AM19} | AN32: {=-AN31/AN19} | AO32: 0.028501945 | AP32: {=AO32-0.1%} | AQ32: {=AP32-0.1%}
B33: Text_15 | E33: {=E31/D31-1} | F33: {=F31/E31-1} | G33: {=G31/F31-1} | H33: {=H31/G31-1} | I33: {=I31/H31-1} | J33: {=J31/I31-1} | K33: {=K31/J31-1} | L33: {=L31/K31-1} | ... AQ33: {=AQ31/AP31-1}
B34: Text_627 | D34: {=D25+D28+D31+D26} | E34: {=E25+E28+E31+E26} | F34: {=F25+F28+F31+F26} | G34: {=G25+G28+G31+G26} | H34: {=H25+H28+H31+H26} | I34: {=I25+I28+I31+I26} | J34: {=J25+J28+J31+J26} | K34: {=K25+K28+K31+K26} | ... AQ34: {=AQ25+AQ28+AQ31+AQ26} | AR34: {=(AQ34/D34)^(1/39)-1}
B35: Text_15 | E35: {=E34/D34-1} | F35: {=F34/E34-1} | G35: {=G34/F34-1} | H35: {=H34/G34-1} | I35: {=I34/H34-1} | J35: {=J34/I34-1} | K35: {=K34/J34-1} | L35: {=L34/K34-1} | ... AQ35: {=AQ34/AP34-1}
B36: Text_628 | D36: {=D34/(D21+D26)} | E36: {=E34/(E21+E26)} | F36: {=F34/(F21+F26)} | G36: {=G34/(G21+G26)} | H36: {=H34/(H21+H26)} | I36: {=I34/(I21+I26)} | J36: {=J34/(J21+J26)} | K36: {=K34/(K21+K26)} | ... AQ36: {=AQ34/(AQ21+AQ26)}
B37: Text_629 | D37: {=D34/(1+$C$2)^D9} | E37: {=E34/(1+$C$2)^E9} | F37: {=F34/(1+$C$2)^F9} | G37: {=G34/(1+$C$2)^G9} | H37: {=H34/(1+$C$2)^H9} | I37: {=I34/(1+$C$2)^I9} | J37: {=J34/(1+$C$2)^J9} | K37: {=K34/(1+$C$2)^K9} | ... AQ37: {=AQ34/(1+$C$2)^AQ9}
B39: Text_630 | C39: {='Model'!AW388-'Model'!AW377-'Model'!AW379-'Model'!AW351} | D39: {=C39-D31-D28-D26} | E39: {=D39-E31-E28-E26} | F39: {=E39-F31-F28-F26} | G39: {=F39-G31-G28-G26} | H39: {=G39-H31-H28-H26} | I39: {=H39-I31-I28-I26} | J39: {=I39-J31-J28-J26} | K39: {=J39-K31-K28-K26} | ... AQ39: {=AP39-AQ31-AQ28-AQ26} | AR39: {=(AQ39/D39)^(1/39)-1}
B40: Text_631 | D40: {=D25/D39} | E40: {=E25/E39} | F40: {=F25/F39} | G40: {=G25/G39} | H40: {=H25/H39} | I40: {=I25/I39} | J40: {=J25/J39} | K40: {=K25/K39} | ... AQ40: {=AQ25/AQ39}
B42: Text_632 | C42: {=SUM(D37:AQ37)}
B43: Text_633 | C43: {=(AQ34*(1+C3))/(C2-C3)}
B44: Text_634 | C44: {=C43/((1+C2)^AQ9)}
B45: Text_635 | C45: {=C42+C44}
B46: Text_636 | C46: {=-'Model'!AX355}
B47: Text_637 | C47: {=C45-C46}
B48: Text_638 | C48: {='Model'!AX269}
B49: Text_474 | C49: {=C47/C48}
B50: Text_639 | C50: {=C49/C52-1}
B52: Text_640 | C52: {='Model'!CA4}

Sheet Sheet_6
B2: Text_642 | D2: Text_618 | E2: Text_643 | H2: Text_618 | I2: Text_643 | L2: Text_618 | M2: Text_643 | P2: Text_618 | Q2: Text_643 | T2: Text_618 | U2: Text_643 | X2: Text_618 | Y2: Text_643 | AB2: Text_618 | AC2: Text_643 | AF2: Text_618 | AG2: Text_643 | AJ2: Text_644
B3: Text_645 | D3: 1901.5848 | E3: 2081.3121 | F3: Text_646 | H3: 1981.8697 | I3: 1818.4284 | J3: Text_646 | L3: 1788.5343 | M3: 2049.3116 | N3: Text_646 | P3: 2263.8623 | Q3: {=P3} | R3: Text_646 | T3: 2019 | U3: {=T3} | V3: Text_646 | X3: 1923.532 | Y3: {=X3} | Z3: Text_646 | AB3: 2157.9884 | AC3: {=AB3} | AD3: Text_646 | AF3: 2111.9584 | AG3: {=AF3} | AI3: Text_647
B5: Text_132 | D5: 8093.5309 | E5: {=D5/$D$17} | F5: {=D5/H5-1} | H5: 8501.4334 | I5: {=H5/$H$17} | J5: {=H5/L5-1} | L5: 5775.9515 | M5: {=L5/$L$17} | N5: {=L5/P5-1} | P5: 4058.2809 | Q5: {=P5/$P$17} | R5: {=P5/T5-1} | T5: 3747.1319 | U5: {=T5/$T$17} | V5: {=T5/X5-1} | X5: 3165.4149 | Y5: {=X5/$X$17} | Z5: {=X5/AB5-1} | AB5: 2670.2451 | AC5: {=AB5/$X$17} | AD5: {=AB5/AF5-1} | AF5: 2052.9034 | AG5: {=AF5/$X$17} | AI5: {=(H5/AF5)^(1/6)-1} | AJ5: {=H5-AF5}
B6: Text_648 | D6: 1304.1961 | E6: {=D6/$D$17} | F6: {=D6/H6-1} | H6: 1837.2548 | I6: {=H6/$L$17} | J6: {=H6/L6-1} | L6: 1148.9982 | M6: {=L6/$L$17} | N6: {=L6/P6-1} | P6: 876.2485 | Q6: {=P6/$P$17} | R6: {=P6/T6-1} | T6: 698.96482 | U6: {=T6/$T$17} | V6: {=T6/X6-1} | X6: 650.83682 | Y6: {=X6/$X$17} | Z6: {=X6/AB6-1} | AB6: 745.33774 | AC6: {=AB6/$X$17} | AD6: {=AB6/AF6-1} | AF6: 530.10432 | AG6: {=AF6/$X$17} | AI6: {=(H6/AF6)^(1/6)-1} | AJ6: {=H6-AF6}
B7: Text_649 | D7: 991.21094 | E7: {=D7/$D$17} | F7: {=D7/H7-1} | H7: 657.59362 | I7: {=H7/$L$17} | J7: {=H7/L7-1} | L7: 556.35663 | M7: {=L7/$L$17} | N7: {=L7/P7-1} | P7: 346.19055 | Q7: {=P7/$P$17} | R7: {=P7/T7-1} | T7: 233.5188 | U7: {=T7/$T$17} | V7: {=T7/X7-1} | X7: 137.15827 | Y7: {=X7/$X$17} | Z7: {=X7/AB7-1} | AB7: 94.264807 | AC7: {=AB7/$X$17} | AD7: {=AB7/AF7-1} | AF7: 77.939842 | AG7: {=AF7/$X$17} | AI7: {=(H7/AF7)^(1/6)-1} | AJ7: {=H7-AF7}
B8: Text_650 | D8: 812.16083 | E8: {=D8/$D$17} | F8: {=D8/H8-1} | H8: 732.53546 | I8: {=H8/$L$17} | J8: {=H8/L8-1} | L8: 826.51028 | M8: {=L8/$L$17} | N8: {=L8/P8-1} | P8: 697.67447 | Q8: {=P8/$P$17} | R8: {=P8/T8-1} | T8: 598.71577 | U8: {=T8/$T$17} | V8: {=T8/X8-1} | X8: 658.81204 | Y8: {=X8/$X$17} | Z8: {=X8/AB8-1} | AB8: 666.52378 | AC8: {=AB8/$X$17} | AD8: {=AB8/AF8-1} | AF8: 489.87789 | AG8: {=AF8/$X$17} | AI8: {=(H8/AF8)^(1/6)-1} | AJ8: {=H8-AF8}
B9: Text_651 | D9: 576.37041 | E9: {=D9/$D$17} | F9: {=D9/H9-1} | H9: 685.16305 | I9: {=H9/$L$17} | J9: {=H9/L9-1} | L9: 546.42503 | M9: {=L9/$L$17} | N9: {=L9/P9-1} | P9: 454.13488 | Q9: {=P9/$P$17} | R9: {=P9/T9-1} | T9: {=85.1453018188476+162.080184936523+128.165740966796} | U9: {=T9/$T$17} | V9: {=T9/X9-1} | X9: {=267.700012207031+207.800003051757} | Y9: {=X9/$X$17} | Z9: {=X9/AB9-1} | AB9: {=214.875+183.6} | AC9: {=AB9/$X$17} | AD9: {=AB9/AF9-1} | AF9: {=184.1+161.899993896484} | AG9: {=AF9/$X$17} | AI9: {=(H9/AF9)^(1/6)-1} | AJ9: {=H9-AF9}
B10: Text_652 | D10: 572.48217 | E10: {=D10/$D$17} | F10: {=D10/H10-1} | H10: 628.6166 | I10: {=H10/$L$17} | J10: {=H10/L10-1} | L10: 628.43382 | M10: {=L10/$L$17} | N10: {=L10/P10-1} | P10: 369.47097 | Q10: {=P10/$P$17} | R10: {=P10/T10-1} | T10: 313.62394 | U10: {=T10/$T$17} | V10: {=T10/X10-1} | X10: 362.96444 | Y10: {=X10/$X$17} | Z10: {=X10/AB10-1} | AB10: 342.13038 | AC10: {=AB10/$X$17} | AD10: {=AB10/AF10-1} | AF10: 167.50072 | AG10: {=AF10/$X$17} | AI10: {=(H10/AF10)^(1/6)-1} | AJ10: {=H10-AF10}
B11: Text_653 | D11: 402.24807 | E11: {=D11/$D$17} | F11: {=D11/H11-1} | H11: 438.64884 | I11: {=H11/$L$17} | J11: {=H11/L11-1} | L11: 323.1048 | M11: {=L11/$L$17} | N11: {=L11/P11-1} | P11: 228.49582 | Q11: {=P11/$P$17} | R11: {=P11/T11-1} | T11: 158.58148 | U11: {=T11/$T$17} | V11: {=T11/X11-1} | X11: 175.51564 | Y11: {=X11/$X$17} | Z11: {=X11/AB11-1} | AB11: 152.32073 | AC11: {=AB11/$X$17} | AD11: {=AB11/AF11-1} | AF11: 121.21558 | AG11: {=AF11/$X$17} | AI11: {=(H11/AF11)^(1/6)-1} | AJ11: {=H11-AF11}
B12: Text_654 | D12: 299.88385 | E12: {=D12/$D$17} | F12: {=D12/H12-1} | H12: 339.27951 | I12: {=H12/$L$17} | J12: {=H12/L12-1} | L12: 237.61515 | M12: {=L12/$L$17} | N12: {=L12/P12-1} | P12: 143.0053 | Q12: {=P12/$P$17} | R12: {=P12/T12-1} | T12: 139.18727 | U12: {=T12/$T$17} | V12: {=T12/X12-1} | X12: 113.54851 | Y12: {=X12/$X$17} | Z12: {=X12/AB12-1} | AB12: 76.747974 | AC12: {=AB12/$X$17} | AD12: {=AB12/AF12-1} | AF12: 71.018307 | AG12: {=AF12/$X$17} | AI12: {=(H12/AF12)^(1/6)-1} | AJ12: {=H12-AF12}
B13: Text_655 | D13: 229.97692 | E13: {=D13/$D$17} | F13: {=D13/H13-1} | H13: 222.90292 | I13: {=H13/$L$17} | J13: {=H13/L13-1} | L13: 183.83873 | M13: {=L13/$L$17} | N13: {=L13/P13-1} | P13: 171.30862 | Q13: {=P13/$P$17} | R13: {=P13/T13-1} | T13: 176.84244 | U13: {=T13/$T$17} | V13: {=T13/X13-1} | X13: 154.9098 | Y13: {=X13/$X$17} | Z13: {=X13/AB13-1} | AB13: 140.57693 | AC13: {=AB13/$X$17} | AD13: {=AB13/AF13-1} | AF13: 109.81174 | AG13: {=AF13/$X$17} | AI13: {=(H13/AF13)^(1/6)-1} | AJ13: {=H13-AF13}
B14: Text_656 | D14: 125.72155 | E14: {=D14/$D$17} | F14: {=D14/H14-1} | H14: 110.04979 | I14: {=H14/$L$17} | J14: {=H14/L14-1} | L14: 90.66352 | M14: {=L14/$L$17} | N14: {=L14/P14-1} | P14: 87.541179 | Q14: {=P14/$P$17} | R14: {=P14/T14-1} | T14: 81.899996 | U14: {=T14/$T$17} | V14: {=T14/X14-1} | X14: 89.624665 | Y14: {=X14/$X$17} | Z14: {=X14/AB14-1} | AB14: 49.707555 | AC14: {=AB14/$X$17} | AD14: {=AB14/AF14-1} | AF14: 35.476541 | AG14: {=AF14/$X$17} | AI14: {=(H14/AF14)^(1/6)-1} | AJ14: {=H14-AF14}
B15: Text_657 | D15: {=D17-D14-D12-D13-D11-D10-D7-D9-D8-D6-D5} | E15: {=D15/$D$17} | F15: {=D15/H15-1} | H15: {=H17-H14-H12-H13-H11-H10-H7-H9-H8-H6-H5} | I15: {=H15/$L$17} | J15: {=H15/L15-1} | L15: {=L17-L14-L12-L13-L11-L10-L7-L9-L8-L6-L5} | M15: {=L15/$L$17} | N15: {=L15/P15-1} | P15: {=P17-P14-P12-P13-P11-P10-P7-P9-P8-P6-P5} | Q15: {=P15/$P$17} | R15: {=P15/T15-1} | T15: {=T17-T14-T12-T13-T11-T10-T7-T9-T8-T6-T5} | U15: {=T15/$P$17} | V15: {=T15/X15-1} | X15: {=X17-X14-X12-X13-X11-X10-X7-X9-X8-X6-X5} | Y15: {=X15/$P$17} | Z15: {=X15/AB15-1} | AB15: {=AB17-AB14-AB12-AB13-AB11-AB10-AB7-AB9-AB8-AB6-AB5} | AC15: {=AB15/$P$17} | AD15: {=AB15/AF15-1} | AF15: {=AF17-AF14-AF12-AF13-AF11-AF10-AF7-AF9-AF8-AF6-AF5} | AG15: {=AF15/$P$17} | AI15: {=(H15/AF15)^(1/6)-1} | AJ15: {=H15-AF15}
B17: Text_658 | D17: 11244.733 | H17: 14013.498 | L17: 11845.009 | P17: 7615.6659 | T17: 5394.9425 | X17: 6114.5246 | AB17: 5570.1148 | AF17: 4565.52 | AI17: {=(P17/AF17)^(1/4)-1}
B18: Text_15 | D18: {=D17/H17-1} | H18: {=H17/L17-1} | L18: {=L17/P17-1} | P18: {=P17/T17-1} | T18: {=T17/X17-1} | X18: {=X17/AB17-1} | AB18: {=AB17/AF17-1}
B20: Text_659
B21: Text_35 | L21: {=L33+L86+L127+L210+L220-L17} | P21: {=P33+P86+P127+P210+P220-P17}
B23: Text_660 | D23: Text_618 | E23: Text_643 | H23: Text_618 | I23: Text_643 | L23: Text_618 | M23: Text_643 | P23: Text_618 | Q23: Text_643 | AB23: Text_661
B24: Text_645 | D24: 2225.4885 | E24: 2213.9738 | F24: Text_646 | H24: 2089.8367 | I24: 1945.2396 | J24: Text_646 | L24: 1872.6604 | M24: 1782.0416 | N24: Text_646 | P24: 1932.068 | Q24: {=P24}
B26: Text_132 | C26: {=L26/P26-1} | D26: 1263.0206 | E26: {=D26/$D$33} | F26: {=D26/H26-1} | H26: 1717.9776 | I26: {=H26/$H$33} | J26: {=H26/L26-1} | L26: 1076.3575 | M26: {=L26/$L$33} | N26: {=L26/P26-1} | P26: 645.60926 | Q26: {=P26/$P$33}
B27: Text_649 | C27: {=L27/P27-1} | D27: 1048.8729 | E27: {=D27/$D$33} | F27: {=D27/H27-1} | H27: 543.89609 | I27: {=H27/$H$33} | J27: {=H27/L27-1} | L27: 433.02293 | M27: {=L27/$L$33} | N27: {=L27/P27-1} | P27: 411.35886 | Q27: {=P27/$P$33}
B28: Text_650 | D28: 518.28655 | E28: {=D28/$D$33} | F28: {=D28/H28-1} | H28: 631.3134 | I28: {=H28/$H$33} | J28: {=H28/L28-1} | L28: 525.7077 | M28: {=L28/$L$33} | N28: {=L28/P28-1} | P28: 546.53914 | Q28: {=P28/$P$33}
B29: Text_648 | D29: 272.58606 | E29: {=D29/$D$33} | F29: {=D29/H29-1} | H29: 389.73968 | I29: {=H29/$H$33} | J29: {=H29/L29-1} | L29: 305.82254 | M29: {=L29/$L$33} | N29: {=L29/P29-1} | P29: 187.36692 | Q29: {=P29/$P$33}
B30: Text_652 | D30: 263.77127 | E30: {=D30/$D$33} | F30: {=D30/H30-1} | H30: 306.90482 | I30: {=H30/$H$33} | J30: {=H30/L30-1} | L30: 280.3569 | M30: {=L30/$L$33} | N30: {=L30/P30-1} | P30: 186.83714 | Q30: {=P30/$P$33}
B31: Text_655 | D31: 109.48906 | E31: {=D31/$D$33} | F31: {=D31/H31-1} | H31: 75.653387 | I31: {=H31/$H$33} | J31: {=H31/L31-1} | L31: 123.24173 | M31: {=L31/$L$33} | N31: {=L31/P31-1} | P31: 57.544955 | Q31: {=P31/$P$33}
B33: Text_658 | D33: 3848.698 | H33: {=SUM(H26:H32)} | L33: {=SUM(L26:L32)} | P33: {=SUM(P26:P32)}
B34: Text_15 | D34: {=D33/H33-1} | H34: {=H33/L33-1} | L34: {=L33/P33-1}
B35: Text_35 | L35: {=L43+L54+L63+L72-L33} | P35: {=P43+P54+P63+P72-P33}
B37: Text_662 | L37: Text_618 | M37: Text_643 | P37: Text_618 | Q37: Text_643
B38: Text_645 | L38: 2039.9736 | M38: 2128.5807 | P38: 1976.6455 | Q38: {=P38}
B40: Text_650 | L40: 624.36627 | M40: {=L40/$L$43} | P40: 538.46342 | Q40: {=P40/$P$43}
B41: Text_648 | L41: 237.42805 | M41: {=L41/$L$43} | P41: 138.80472 | Q41: {=P41/$P$43}
B43: Text_658 | L43: {=SUM(L40:L42)} | P43: {=SUM(P40:P42)} | T43: {=L43/(L33+L86)}
B44: Text_15 | L44: {=L43/P43-1}
B46: Text_663 | L46: Text_618 | M46: Text_643 | P46: Text_618 | Q46: Text_643
B47: Text_645 | L47: 2045.4318 | M47: 2229.9709 | P47: 1978.3688 | Q47: {=P47}
B49: Text_649 | L49: 465.20522 | M49: {=L49/$L$54} | P49: 421.22061 | Q49: {=P49/$P$54}
B50: Text_132 | L50: 443.33556 | M50: {=L50/$L$54} | P50: 412.84129 | Q50: {=P50/$P$54}
B51: Text_655 | L51: 94.442569 | M51: {=L51/$L$54} | P51: 40.059155 | Q51: {=P51/$P$54}
B52: Text_648 | L52: 37.701619 | M52: {=L52/$L$54} | P52: 50.07372 | Q52: {=P52/$P$54}
B54: Text_658 | L54: {=SUM(L49:L53)} | P54: {=SUM(P49:P53)}
B55: Text_15 | L55: {=L54/P54-1}
B57: Text_664 | L57: Text_618 | M57: Text_643 | P57: Text_618 | Q57: Text_643
B58: Text_645 | L58: 1915.0255 | M58: 1741.659 | P58: 1881.8312 | Q58: {=P58}
B60: Text_655 | L60: 20.211119 | M60: {=L60/$L$63} | P60: 22.155863 | Q60: {=P60/$P$63}
B61: Text_132 | L61: 20.515035 | M61: {=L61/$L$63} | P61: 18.111822 | Q61: {=P61/$P$63}
B63: Text_658 | L63: {=SUM(L60:L62)} | P63: {=SUM(P60:P62)}
B64: Text_15 | L64: {=L63/P63-1}
B66: Text_665 | L66: Text_618 | M66: Text_643 | P66: Text_618 | Q66: Text_643
B67: Text_645 | L67: 2159.4612 | M67: 1927.5122 | P67: 2123.6825 | Q67: {=P67}
B69: Text_132 | L69: 579.10919 | M69: {=L69/$L$72} | P69: 394.98155 | Q69: {=P69/$P$72}
B70: Text_652 | L70: 243.72715 | M70: {=L70/$L$72} | P70: 179.34875 | Q70: {=P70/$P$72}
B72: Text_658 | L72: {=SUM(L69:L71)} | P72: {=SUM(P69:P71)}
B73: Text_15 | L73: {=L72/P72-1}
B76: Text_666 | D76: Text_618 | E76: Text_643 | H76: Text_618 | I76: Text_643 | L76: Text_618 | M76: Text_643 | P76: Text_618 | Q76: Text_643
B77: Text_645 | D77: 1880.942 | E77: 2320.5827 | F77: Text_646 | H77: 1734.3318 | I77: 2084.8006 | J77: Text_646 | L77: 2117.7085 | M77: 2135.012 | P77: 1789.9549 | Q77: {=P77}
B79: Text_132 | D79: 1152.4928 | E79: {=D79/$D$86} | F79: {=D79/H79-1} | H79: 1080.5233 | I79: {=H79/$H$86} | J79: {=H79/L79-1} | L79: 867.92704 | M79: {=L79/$L$86} | N79: {=L79/P79-1} | P79: 483.43012 | Q79: {=P79/$P$86}
B80: Text_667 | D80: 353.31185 | E80: {=D80/$D$86} | F80: {=D80/H80-1} | H80: 443.09071 | I80: {=H80/$H$86} | J80: {=H80/L80-1} | L80: 328.62825 | M80: {=L80/$L$86} | P80: 187.96557 | Q80: {=P80/$P$86}
B81: Text_668 | D81: 272.09671 | E81: {=D81/$D$86} | F81: {=D81/H81-1} | H81: 493.96456 | I81: {=H81/$H$86} | J81: {=H81/L81-1} | L81: 417.84001 | M81: {=L81/$L$86} | P81: 288.13082 | Q81: {=P81/$P$86}
B82: Text_656 | D82: 113.16831 | H82: 118.57157 | I82: {=H82/$H$86} | L82: 76.214378 | M82: {=L82/$L$86} | P82: 65.57679 | Q82: {=P82/$P$86}
B83: Text_669 | D83: 16.346358 | H83: 17.625566 | L83: 16.834707 | M83: {=L83/$L$86} | P83: 14.116333 | Q83: {=P83/$P$86}
B84: Text_657 | L84: 0 | M84: {=L84/$L$86} | P84: 22.009683 | Q84: {=P84/$P$86}
B86: Text_658 | D86: 2111.9225 | H86: 2033.1748 | L86: {=SUM(L79:L85)} | P86: {=SUM(P79:P85)}
B87: Text_15 | D87: {=D86/H86-1} | H87: {=H86/L86-1} | L87: {=L86/P86-1}
B88: Text_35 | L88: {=L99+L110-L86} | P88: {=P99+P110-P86}
B90: Text_670 | L90: Text_618 | M90: Text_643 | P90: Text_618 | Q90: Text_643
B91: Text_645 | L91: 1858.1934 | M91: 2244.3667 | P91: 2278.4371 | Q91: {=P91}
B93: Text_132 | L93: 805.20534 | M93: {=L93/$L$99} | P93: 446.00377 | Q93: {=P93/$P$99}
B94: Text_667 | L94: 290.43251 | M94: {=L94/$L$99} | P94: 213.94332 | Q94: {=P94/$P$99}
B95: Text_668 | L95: 296.45812 | M95: {=L95/$L$99} | P95: 187.5173 | Q95: {=P95/$P$99}
B96: Text_656 | L96: 27.87934 | M96: {=L96/$L$99} | P96: 14.422304 | Q96: {=P96/$P$99}
B97: Text_669 | L97: 20.342571 | M97: {=L97/$L$99} | P97: 14.450561 | Q97: {=P97/$P$99}
B99: Text_658 | L99: {=SUM(L92:L98)} | P99: {=SUM(P92:P98)}
B100: Text_15 | L100: {=L99/P99-1}
B102: Text_671 | L102: Text_618 | M102: Text_643 | P102: Text_618 | Q102: Text_643
B103: Text_645 | L103: 1742.2584 | M103: 2074.568 | P103: 1957.9968 | Q103: {=P103}
B105: Text_668 | L105: 93.198632 | M105: {=L105/$L$110} | P105: 39.517124 | Q105: {=P105/$P$110}
B106: Text_656 | L106: 55.394764 | M106: {=L106/$L$110} | P106: 63.557332 | Q106: {=P106/$P$110}
B107: Text_132 | L107: 11.177371 | M107: {=L107/$L$110} | P107: 13.231021 | Q107: {=P107/$P$110}
B108: Text_657 | L108: 0 | M108: {=L108/$L$110} | P108: 20.299211 | Q108: {=P108/$P$110}
B110: Text_658 | L110: 132.37131 | P110: 127.70543
B111: Text_15 | L111: {=L110/P110-1}
B113: Text_672 | D113: Text_618 | E113: Text_643 | H113: Text_618 | I113: Text_643 | L113: Text_618 | M113: Text_643 | P113: Text_618 | Q113: Text_643
B114: Text_645 | D114: 2224.7114 | E114: 2208.4983 | F114: Text_646 | H114: 1854.7716 | I114: 1855.8396 | J114: Text_646 | L114: 2213.3822 | M114: 2281.9506 | N114: Text_646 | P114: 1774.7887 | Q114: {=P114}
B116: Text_132 | D116: 4723.6519 | E116: {=D116/$D$127} | F116: {=D116/H116-1} | H116: 4582.8662 | I116: {=H116/$H$127} | J116: {=H116/L116-1} | L116: 4120.4651 | M116: {=L116/$L$127} | N116: {=L116/P116-1} | P116: 2149.8412 | Q116: {=P116/$P$127}
B117: Text_648 | D117: 840.11549 | E117: {=D117/$D$127} | F117: {=D117/H117-1} | H117: 1356.7239 | I117: {=H117/$L$127} | J117: {=H117/L117-1} | L117: 863.7439 | M117: {=L117/$L$127} | N117: {=L117/P117-1} | P117: 679.77429 | Q117: {=P117/$P$127}
B118: Text_652 | D118: 341.85771 | E118: {=D118/$D$127} | F118: {=D118/H118-1} | H118: 332.42206 | I118: {=H118/$L$127} | J118: {=H118/L118-1} | L118: 345.13609 | M118: {=L118/$L$127} | N118: {=L118/P118-1} | P118: 235.85782 | Q118: {=P118/$P$127}
B119: Text_654 | D119: 270.87068 | E119: {=D119/$D$127} | F119: {=D119/H119-1} | H119: 314.4481 | I119: {=H119/$L$127} | J119: {=H119/L119-1} | L119: 283.05957 | M119: {=L119/$L$127} | N119: {=L119/P119-1} | P119: 159.87456 | Q119: {=P119/$P$127}
B120: Text_668 | D120: 248.68717 | E120: {=D120/$D$127} | F120: {=D120/H120-1} | H120: 235.23631 | I120: {=H120/$L$127} | J120: {=H120/L120-1} | L120: 209.72395 | M120: {=L120/$L$127} | N120: {=L120/P120-1} | P120: 154.00241 | Q120: {=P120/$P$127}
B121: Text_650 | D121: 189.71273 | E121: {=D121/$D$127} | F121: {=D121/H121-1} | H121: 140.3807 | I121: {=H121/$L$127} | J121: {=H121/L121-1} | L121: 127.13596 | M121: {=L121/$L$127} | N121: {=L121/P121-1} | P121: 125.69241 | Q121: {=P121/$P$127}
B122: Text_673 | D122: 78.489535 | E122: {=D122/$D$127} | F122: {=D122/H122-1} | H122: 53.285792 | I122: {=H122/$L$127} | J122: {=H122/L122-1} | L122: 37.229255 | M122: {=L122/$L$127}
B123: Text_649 | D123: 58.585766 | E123: {=D123/$D$127} | F123: {=D123/H123-1} | H123: 35.354836 | I123: {=H123/$L$127} | J123: {=H123/L123-1} | L123: 40.651613 | M123: {=L123/$L$127} | N123: {=L123/P123-1} | P123: 31.428288 | Q123: {=P123/$P$127}
B124: Text_674 | D124: 28.363422 | H124: 36.759925 | I124: {=H124/$L$127} | J124: {=H124/L124-1} | L124: 41.180774 | M124: {=L124/$L$127} | N124: {=L124/P124-1} | P124: 34.673195 | Q124: {=P124/$P$127}
B125: Text_669 | D125: 2.7344594 | H125: 4.1717137 | I125: {=H125/$L$127} | J125: {=H125/L125-1} | L125: 6.9748988 | M125: {=L125/$L$127} | N125: {=L125/P125-1} | P125: 4.6319549 | Q125: {=P125/$P$127}
B127: Text_658 | D127: 6790.8742 | H127: 6515.8621 | L127: {=SUM(L116:L126)} | P127: {=SUM(P116:P126)}
B128: Text_15 | D128: {=D127/H127-1} | H128: {=H127/L127-1} | L128: {=L127/P127-1}
B129: Text_35 | L129: {=L138+L148+L158+L169+L200-L127} | P129: {=P138+P148+P158+P169+P200-P127}
B131: Text_675 | L131: Text_618 | M131: Text_643 | P131: Text_618 | Q131: Text_643
B132: Text_645 | L132: 2165.2697 | M132: 1936.4057 | P132: 2123.7901 | Q132: {=P132}
B134: Text_132 | L134: 161.37578 | M134: {=L134/L138} | P134: 91.721298 | Q134: {=P134/P138}
...

Sheet Sheet_7
G1: Text_687
B2: Text_688 | C2: Text_132 | D2: Text_689 | H2: Text_132 | I2: Text_67 | J2: Text_63
B3: Text_690 | G3: Text_691 | H3: 7.5578556 | I3: 7.8035798 | J3: 9.7196238
B4: Text_692 | C4: 1.0202107 | D4: 0.98313522 | E4: Text_693 | G4: Text_694 | H4: ✔ | I4: ✔ | J4: ✔
B5: Text_695 | C5: 1.0175663 | D5: 0.98959372 | E5: Text_696 | G5: Text_695 | H5: ✔ | I5: ✔ | J5: ✔
B6: Text_697 | C6: 1.0256254 | D6: 0.99541837 | E6: Text_698 | G6: Text_697 | H6: ✔ | I6: ✔ | J6: ✔
B7: Text_699 | C7: 0 | D7: 0 | E7: Text_700 | G7: Text_699 | H7: ✘ | I7: ✔ | J7: ✔
B8: Text_701 | C8: 0 | D8: 0 | E8: Text_702 | G8: Text_701 | H8: ✘ | I8: ✘ | J8: ✘
B9: Text_703 | C9: 0 | D9: = | E9: Text_704 | G9: Text_703 | H9: ✘ | I9: ✘ | J9: ✘
B10: Text_705 | C10: 1.0469322 | D10: 0.98778392 | E10: Text_706 | G10: Text_705 | H10: ✔ | I10: ✔ | J10: ✔
B11: Text_707 | C11: 0.95620368 | D11: 0.98393053 | E11: Text_708 | G11: Text_709 | H11: ✔ | I11: ✔ | J11: ✔
B12: Text_710 | C12: 1.0005932 | D12: 0.9661923 | E12: Text_711 | G12: Text_710 | H12: ✔ | I12: ✔ | J12: ✔
B13: Text_712 | C13: 2.0948613 | D13: 2.2986496 | E13: Text_713 | G13: Text_714 | H13: 1.9710437 | I13: 1.9128371 | J13: 1.9404225
B14: Text_715 | G14: Text_716 | H14: 6.191807 | I14: 7.8048746 | J14: 6.8211339
B15: Text_717 | C15: 0.98872744 | D15: 2.0958142 | E15: Text_718 | G15: Text_719 | H15: 0.99420334 | I15: 1.0148233 | J15: 0.95614463
B16: Text_720 | C16: 1.0313723 | D16: 1.0440504 | E16: Text_721 | G16: Text_720 | H16: ✔ | I16: ✔ | J16: ✔
B17: Text_722 | C17: 1.0148765 | D17: 1.0454566 | E17: Text_723 | G17: Text_722 | H17: ✔ | I17: ✔ | J17: ✔
B18: Text_724 | C18: 0.96514323 | D18: 0.99774162 | E18: Text_725 | G18: Text_724 | H18: ✔ | I18: ✔ | J18: ✔
B19: Text_726 | C19: 1.0101807 | D19: 1.0081737 | E19: Text_727 | G19: Text_726 | H19: ✔ | I19: ✔ | J19: ✔
B20: Text_728 | C20: 1.9408771 | D20: 1.9028506 | E20: Text_729 | G20: Text_730 | H20: 1.7760944 | I20: 1.9350455 | J20: 1.7975965
B21: Text_731 | G21: Text_732 | H21: 3.2109291 | I21: 1.8252986 | J21: 1.7351392
B22: Text_733 | C22: 2.0314197 | D22: 2.0571378 | E22: Text_734 | G22: Text_733 | H22: 2.2231478 | I22: 1.0076982 | J22: 0.98454809
B23: Text_735 | C23: 1.0303012 | D23: 1.0040279 | E23: Text_736 | G23: Text_737 | H23: ✔ | I23: ✔ | J23: ✔
B24: Text_255 | G24: Text_738 | H24: 1.7475682 | I24: 2.0395103 | J24: 2.2448111
B25: Text_739 | C25: 0.98963126 | D25: 0.97963258 | E25: Text_740 | G25: Text_741 | H25: ✔ | I25: ✔ | J25: ✔
B26: Text_742 | C26: 0.96434695 | D26: 0.96514455 | E26: Text_743 | G26: Text_742 | H26: ✔ | I26: ✔ | J26: ✔
B27: Text_744 | G27: Text_745 | H27: 4.8991572 | I27: 5.1435197 | J27: 4.3709231
B28: Text_746 | C28: 1.0439569 | D28: 1.0255134 | E28: Text_747 | G28: Text_748 | H28: ✔ | I28: ✔ | J28: ✔
B29: Text_749 | C29: 2.0519744 | D29: 2.1970632 | E29: Text_750 | G29: Text_751 | H29: 1.7481121 | I29: 0.99768389 | J29: 2.0780559
B30: Text_752 | C30: 1.0328653 | D30: 1.028347 | E30: Text_753 | G30: Text_754 | H30: 0.97770692 | I30: 2.2645281 | J30: 0.96243458
B31: Text_755 | C31: 1.0375134 | D31: 1.047094 | E31: Text_756 | G31: Text_755 | H31: ✔ | I31: ✔ | J31: ✔
B32: Text_757 | G32: Text_758 | H32: 2.7094382 | I32: 3.1998595 | J32: 2.586257
B33: Text_759 | C33: 0.99054228 | D33: 1.0016283 | E33: Text_760 | G33: Text_761 | H33: ✔ | I33: ✔ | J33: ✔
B34: Text_761 | C34: 1.0080645 | D34: 1.0435937 | E34: Text_762 | G34: Text_763 | H34: ✔ | I34: ✔ | J34: ✔
B35: Text_764 | C35: 1.0172251 | D35: 0.9981278 | E35: Text_765 | G35: Text_764 | H35: ✔ | I35: ✔ | J35: ✔
B36: Text_766 | G36: Text_767 | H36: 1.0309675 | I36: 1.0450533 | J36: 0.95220661
B37: Text_768 | C37: 0 | D37: = | E37: Text_769 | G37: Text_770 | H37: ✘ | I37: = | J37: =
B38: Text_771 | C38: 0.95861321 | D38: 1.0314387 | E38: Text_772 | G38: Text_773 | H38: ✔ | I38: ✔ | J38: ✔
C40: {=SUM(C3:C39)} | D40: {=SUM(D3:D39)} | H40: {=H36+H32+H27+H24+H21+H14+H3} | I40: {=I36+I32+I27+I24+I21+I14+I3} | J40: {=J36+J32+J27+J24+J21+J14+J3}
C41: 31.759414 | D41: 30.248233

Sheet Sheet_8
A1: Text_775
A2: Text_776
B4: Text_777
A5: 3-1 | B5: Text_778
A6: 3-2 | B6: Text_779
A7: 3-3 | B7: Text_780
A8: 3-4 | B8: Text_781
A9: 3-5 | B9: Text_782
A12: Text_783 | B12: Text_784 | C12: Text_785
A13: Text_778
A14: Text_786 | B14: Text_787 | C14: Text_788 | D14: Text_789 | G14: 2021 | H14: 2022 | I14: 2023 | J14: Text_790 | K14: Text_791
A15: 1.9639134 | B15: 1.0143957 | C15: 0.98809518 | D15: Text_792 | G15: 25959.899 | H15: 38181.257 | I15: 35863.071 | J15: {=I15/H15-1} | K15: {=I15/I$36}
A16: 0.98832154 | B16: 1.8297997 | C16: 1.9655464 | D16: Text_793 | G16: 32946.431 | H16: 40638.527 | I16: 35132.872 | J16: {=I16/H16-1} | K16: {=I16/I$36}
A17: 3.0792004 | B17: 2.8677926 | C17: 3.269805 | D17: Text_794 | G17: 20662.52 | H17: 27499.381 | I17: 24946.503 | J17: {=I17/H17-1} | K17: {=I17/I$36}
A18: 4.3412866 | B18: 4.1182756 | C18: 3.8969693 | D18: Text_795 | G18: 12308.767 | H18: 14856.004 | I18: 7220.688 | J18: {=I18/H18-1} | K18: {=I18/I$36}
A19: 4.5807315 | B19: 5.1884762 | C19: 5.1074115 | D19: Text_796 | G19: 9558.8517 | H19: 9763.6065 | I19: 6187.8468 | J19: {=I19/H19-1} | K19: {=I19/I$36}
A20: 6.4746461 | B20: 6.0421225 | C20: 5.5081907 | D20: Text_797 | G20: 4325.8212 | H20: 5550.1014 | I20: 5404.0256 | J20: {=I20/H20-1} | K20: {=I20/I$36}
A21: 8.9901003 | B21: 8.1480394 | C21: 6.3748173 | D21: Text_798 | G21: 2378.3218 | H21: 2420.3701 | I21: 3877.3521 | J21: {=I21/H21-1} | K21: {=I21/I$36}
A22: 11.038635 | B22: 6.964918 | C22: 7.7186818 | D22: Text_799 | G22: 2016.1915 | H22: 3152.6138 | I22: 3005.1271 | J22: {=I22/H22-1} | K22: {=I22/I$36}
A23: 12.160574 | B23: 8.713467 | C23: 9.1994378 | D23: Text_800 | G23: 1755.0853 | H23: 3006.2071 | I23: 3052.0863 | J23: {=I23/H23-1} | K23: {=I23/I$36}
A24: 13.655248 | B24: 6.9168676 | C24: 8.7940231 | D24: Text_801 | G24: 1553.7956 | H24: 2807.3075 | I24: 2024.7621 | J24: {=I24/H24-1} | K24: {=I24/I$36}
A25: 25.04812 | B25: 25.046591 | C25: 12.471704 | D25: Text_802 | G25: 551.32481 | H25: 610.33943 | I25: 1685.1916 | J25: {=I25/H25-1} | K25: {=I25/I$36}
A26: 8.1086951 | B26: 10.657 | C26: 10.643822 | D26: Text_803 | G26: 2550.1217 | H26: 2221.6289 | I26: 1531.9071 | J26: {=I26/H26-1} | K26: {=I26/I$36}
... A34: 28.936562 | B34: 25.06419 | C34: 19.005156 | D34: Text_811 | G34: 390.2803 | H34: 745.66652 | I34: 818.80634 | J34: {=I34/H34-1} | K34: {=I34/I$36}
D35: Text_812 | G35: {=((((SUM(G15:G34))/1000000)*1000000)/1000000)*1000000} | H35: {=((((SUM(H15:H34))/1000000)*1000000)/1000000)*1000000} | I35: {=((((SUM(I15:I34))/1000000)*1000000)/1000000)*1000000} | J35: {=I35/H35-1} | K35: {=I35/I$36}
D36: Text_813 | G36: 167573.15 | H36: 191593.8 | I36: 157881.65 | J36: {=I36/H36-1} | K36: {=I36/I$36}
D37: Text_814 | G37: 0.83149712 | H37: 0.91285213 | I37: 0.84600339
A38: Text_815
A39: Text_816
A40: 0
A42: Text_817 | B42: Text_784 | C42: Text_785
A43: Text_779
C44: 1969.9608 | D44: 2051.4737 | E44: 1963.9726 | F44: 2035.9082 | G44: 2326.6397 | H44: 1804.2851 | I44: 2133.6948 | J44: Text_818
A45: Text_819 | C45: 20925.894 | D45: 20120.015 | E45: 20884.144 | F45: 27757.638 | G45: 29953.058 | H45: 32670.22 | I45: 34068.178 | J45: 0.054369477
A46: Text_820 | C46: 0.59228232 | D46: 0.047523797 | E46: 0.02900654 | F46: 0.050928825 | G46: 0.097928628 | H46: 0.083487901 | I46: 0.019904225
A47: Text_30 | C47: 9070.6638 | D47: 12952.883 | E47: 9507.759 | F47: 9135.831 | G47: 10378.736 | H47: 14365.542 | I47: 11639.421 | J47: 0.0075638099
A48: Text_820 | C48: 0.20980527 | D48: 0.29581414 | E48: -0.27691186 | F48: -0.044720658 | G48: 0.27231704 | H48: 0.18340605 | I48: 0.013798202
A49: Text_821 | C49: 7875.3265 | D49: 16378.145 | E49: 16502.926 | F49: 18919.249 | G49: 20920.969 | H49: 23000.178 | I49: 22972.484 | J49: 0.066926376
A50: Text_820 | C50: 0.45777744 | D50: 1.1555869 | E50: 0.12544974 | F50: 0.10126575 | G50: 0.049680636 | H50: 0.042024057 | I50: 0.02541186
A51: Text_822 | C51: 102007.47 | D51: 122413.46 | E51: 79914.056 | F51: 91590.996 | G51: 98066.579 | H51: 102021.76 | I51: 107618.45 | J51: -0.029463832
A52: Text_820 | C52: 0.34765962 | D52: 0.087717749 | E52: -0.2717972 | F52: -0.031142614 | G52: 0.098170573 | H52: 0.087127463 | I52: 0.019597477
A53: Text_823 | C53: 36398.58 | D53: 37656.182 | E53: 26500.756 | F53: 26632.681 | G53: 28122.247 | H53: 30449.643 | I53: 30500.834 | J53: -0.0084823897
A54: Text_824 | C54: 0.32688553 | D54: -0.058213613 | E54: -0.32977426 | F54: 0.10480995 | G54: 0.19525452 | H54: 0.0498628 | I54: 0.023833128
A55: Text_825 | C55: 29811.227 | D55: 37120.621 | E55: 27824.391 | F55: 30369.73 | G55: 32349.681 | H55: 41276.238 | I55: 32388.516 | J55: 0.0054298239
A56: Text_824 | C56: 0.28805032 | D56: 0.12002432 | E56: -0.18323693 | F56: 0.063987275 | G56: 0.025722104 | H56: 0.1369753 | I56: 0.0045850428
A57: Text_826 | C57: 35320.321 | D57: 44755.176 | E57: 32699.472 | F57: 26058.723 | G57: 27810.513 | H57: 26776.902 | I57: 23984.192 | J57: -0.10067172
A58: Text_824 | C58: 0.39417361 | D58: 0.22522392 | E58: -0.28354344 | F58: -0.25030996 | G58: 0.04768528 | H58: 0.036462726 | I58: 0.020689079
A59: Text_827 | C59: 8151.3391 | D59: 9308.4664 | E59: 5558.4324 | F59: 7156.5592 | G59: 8572.5775 | H59: 8830.1858 | I59: 9597.8357 | J59: 0.021382039
A60: Text_824 | C60: 0.64888155 | D60: 0.086283613 | E60: -0.33198278 | F60: 0.099465946 | G60: 0.20276702 | H60: 0.1812353 | I60: 0.05510697
A61: Text_828 | C61: 173653.93 | D61: 169966.2 | E61: 126486.49 | F61: 149366.69 | G61: 167053.99 | H61: 173603.09 | I61: 157851.24 | J61: -0.002864242
A62: Text_820 | C62: 0.37503279 | D62: 0.15118088 | E62: -0.19257954 | F62: -0.0014097075 | G62: 0.097646045 | H62: 0.085416924 | I62: 0.018953336
A63: Text_829
A64: {=A40}
A66: Text_830 | B66: Text_784 | C66: Text_785
A67: Text_780
C68: 1838.2803 | D68: 2193.9027 | E68: 2271.3755 | F68: 1945.205 | G68: 2177.6519 | H68: 2267.2937 | I68: 2237.4781 | J68: Text_818
A69: Text_831 | C69: 85785.018 | D69: 119679.62 | E69: 76641.338 | F69: 74157.458 | G69: 80855.916 | H69: 109309.1 | I69: 94980.226 | J69: 0.0042811715
A70: Text_832 | C70: 48153.858 | D70: 69860.082 | E70: 64117.929 | F70: 54888.88 | G70: 63185.242 | H70: 59008.248 | I70: 62924.967 | J70: -0.017653597
A71: Text_833 | C71: 6988.2559 | D71: 7216.8138 | E71: 5308.4069 | F71: 5495.3536 | G71: 6182.3592 | H71: 7012.7972 | I71: 7198.7084 | J71: 0.023295939
A72: Text_834 | C72: 143778.52 | D72: 191500.59 | E72: 157668.06 | F72: 126592.96 | G72: 177514.17 | H72: 161061.21 | I72: 181501.57 | J72: -0.002935063
A73: Text_816
A74: {=A64}
A76: Text_835 | B76: Text_784 | C76: Text_785
A77: Text_781
C78: 2210.133 | D78: 2292.3918 | E78: 1909.4609 | F78: 2241.6851 | G78: 1801.2498 | H78: 2150.6239 | I78: 2174.1467 | J78: Text_818
A79: Text_836 | C79: 99150.537 | D79: 109968.56 | E79: 123100.68 | F79: 96301.72 | G79: 94625.013 | H79: 119543.39 | I79: 113559.22 | J79: -0.0077731837
A80: Text_108 | C80: 50491.403 | D80: 44968.741 | E80: 28060.442 | F80: 29064.838 | G80: 36319.615 | H80: 53200.105 | I80: 50469.321 | J80: 0.0014654113
A81: Text_837 | C81: 23080.204 | D81: 23950.341 | E81: 14556.605 | F81: 15520.189 | G81: 18829.091 | H81: 27163.165 | I81: 24178.275 | J81: 0.010967114
A82: Text_838 | C82: 27282.102 | D82: 30830.708 | E82: 12720.374 | F82: 12139.897 | G82: 17872.883 | H82: 27803.53 | I82: 23289.024 | J82: -0.0055855393
A83: Text_839 | C83: 329.40075 | D83: 308.55096 | E83: 210.616 | F83: 219.39478 | G83: 276.50302 | H83: 236.41668 | I83: 280.41098 | J83: -0.026621322
A84: Text_840 | C84: 181.29012 | D84: 136.51496 | E84: 101.32847 | F84: 77.706855 | G84: 68.597766 | H84: 73.809285 | I84: 89.897955 | J84: -0.10052985
A85: Text_841 | C85: 5810.5322 | D85: 7618.0804 | E85: 6056.4968 | F85: 6496.104 | G85: 6233.3322 | H85: 8765.8734 | I85: 7743.4505 | J85: 0.039513627
A86: Text_834 | C86: 159826.76 | D86: 180595.96 | E86: 138624.04 | F86: 138733.59 | G86: 169668.33 | H86: 154281.39 | I86: 189702.13 | J86: -0.0029055521
A87: Text_842
A88: Text_843
A89: {=A74}
A91: Text_844 | B91: Text_784 | C91: Text_785
A92: Text_782
C93: Text_819 | E93: Text_821 | G93: Text_30 | I93: Text_822 | K93: Text_845 | M93: Text_846
C94: 1972.8471 | D94: 1997.5276 | E94: 1874.3822 | F94: 2176.0082 | G94: 2029.8098 | H94: 1914.2766 | I94: 2080.264 | J94: 2323.8612 | K94: 1982.7301 | L94: 2278.3176 | M94: 1927.9872 | N94: 1752.7673
A95: Text_847 | C95: 18135.578 | D95: 17736.965 | E95: 9829.7811 | F95: 10629.396 | G95: 7148.4984 | H95: 3956.1244 | I95: 11114.652 | J95: 5340.8009 | K95: {=C95+E95+G95+I95} | L95: {=D95+F95+H95+J95} | M95: {=K95/K$99} | N95: {=L95/L$99}
A96: Text_848 | C96: 0 | D96: 0 | E96: 0 | F96: 0 | G96: 5126.6441 | H96: 3506.378 | I96: 320.61026 | J96: 229.5807 | K96: {=C96+E96+G96+I96} | L96: {=D96+F96+H96+J96} | M96: {=K96/K$99} | N96: {=L96/L$99}
A97: Text_849 | C97: 498.3553 | D97: 500.06261 | E97: 6078.2222 | F97: 5333.8792 | G97: 0 | H97: 0 | I97: 1625.908 | J97: 1379.3425 | K97: {=C97+E97+G97+I97} | L97: {=D97+F97+H97+J97} | M97: {=K97/K$99} | N97: {=L97/L$99}
A98: Text_850 | C98: 1986.2934 | D98: 3966.5192 | E98: 0 | F98: 0 | G98: 1400.7888 | H98: 1782.4447 | I98: 116862.8 | J98: 83535.157 | K98: {=C98+E98+G98+I98} | L98: {=D98+F98+H98+J98} | M98: {=K98/K$99} | N98: {=L98/L$99}
A99: Text_834 | C99: {=SUM(C95:C98)} | D99: {=SUM(D95:D98)} | E99: {=SUM(E95:E98)} | F99: {=SUM(F95:F98)} | G99: {=SUM(G95:G98)} | H99: {=SUM(H95:H98)} | I99: {=SUM(I95:I98)} | J99: {=SUM(J95:J98)} | ... N99: {=SUM(N95:N98)}
A100: Text_851 | C100: {=C99/$K99} | D100: {=D99/$L99} | E100: {=E99/$K99} | F100: {=F99/$L99} | G100: {=G99/$K99} | H100: {=H99/$L99} | I100: {=I99/$K99} | J100: {=J99/$L99} | K100: {=K99/$K99} | L100: 1.0361446
A101: Text_816
A102: {=A89}

Sheet Sheet_9
A1: Text_853
A2: Text_854
B4: Text_777
A5: 4-1 | B5: Text_855
A6: 4-2 | B6: Text_856
A7: 4-3 | B7: Text_857
A8: 4-4 | B8: Text_858
B10: Text_859
A11: 4-1 | B11: Text_855
A16: Text_860 | B16: Text_784 | C16: Text_785
A17: Text_855
B18: Text_8 | F18: Text_861 | J18: Text_862
B19: Text_863 | C19: Text_864 | D19: Text_865 | E19: Text_866 | F19: Text_863 | G19: Text_864 | H19: Text_865 | I19: Text_866 | J19: Text_863 | K19: Text_864 | L19: Text_865 | M19: Text_866
A20: Text_867 | B20: 0.17078653 | C20: 18225.292 | D20: 0.20556093 | E20: 0.48631474
A21: Text_868 | C21: 25284.274 | D21: 0.031946343 | E21: 0.48671121
A22: Text_869 | C22: 26036.784 | D22: 0.094561467 | E22: 0.36949906
A23: Text_870 | B23: 106550.66 | C23: 27943.356 | D23: 0.04154426 | E23: 0.42594401
A24: Text_871 | B24: 0.42380785 | C24: 19568.544 | D24: -0.089131329 | E24: 0.072825396
A25: Text_872 | C25: 27149.9 | D25: 0.077714912 | E25: 0.12781277
A26: Text_873 | C26: 22815.56 | D26: 0.081404899 | E26: 0.10658574
A27: Text_874 | B27: 92596.215 | C27: 22683.886 | D27: -0.028025871 | E27: 0.032803182
A28: Text_875 | B28: 0.082232541 | C28: 24397.413 | D28: -0.039507468 | E28: 0.092718504
A29: Text_876 | C29: 26375.684 | D29: -0.059957742 | E29: -0.050109313
A30: Text_877 | C30: 19290.392 | D30: -0.07317382 | E30: -0.17690996 | G30: 21094.787 | H30: -0.044091298 | I30: -0.16021057 | K30: 19160.012 | L30: -0.096661717 | M30: -0.19829937
A31: Text_878 | B31: 95343.234 | C31: 18834.879 | D31: -0.027985588 | E31: -0.19289539 | F31: 83982.156 | G31: 23679.033 | H31: -0.038488487 | I31: -0.16400134 | J31: 101465.37 | K31: 17953.859 | L31: -0.09127025 | M31: -0.246028
A32: Text_879 | B32: -0.092652013 | C32: 17967.163 | D32: -0.0090106024 | E32: -0.16328472 | F32: -0.083478364 | G32: 24976.365 | H32: 0.030958875 | I32: -0.11509963 | J32: -0.10960118 | K32: 17734.719 | L32: -0.023493524 | M32: -0.2390539
A33: Text_880 | C33: 20855.047 | D33: 0.024106933 | E33: -0.080995607 | G33: 24580.288 | H33: 0.043504049 | I33: -0.011255197 | K33: 19588.873 | L33: 0.03294861 | M33: -0.1718646
A34: Text_881 | C34: 23182.238 | D34: 0.029932897 | E34: 0.015722332 | G34: 21591.573 | H34: 0.059264179 | I34: 0.096372672 | K34: 17896.495 | L34: 0.059621327 | M34: -0.026639722
A35: Text_882 | B35: 100063.48 | C35: 22249.119 | D35: 0.045886611 | E35: 0.093451029 | F35: 93448.155 | G35: 29988.805 | H35: 0.070271944 | I35: 0.22999533 | J35: 72327.92 | K35: 25924.295 | L35: 0.089981705 | M35: 0.17055472
B36: -0.038211718 | F36: 0.043548976 | J36: -0.079474532
A37: Text_883
A38: 0
A40: Text_884 | B40: Text_784 | C40: Text_785
A41: Text_855
A69: {=A38}
A72: Text_885 | B72: Text_784 | C72: Text_785
A73: Text_856
B74: 1806.3825 | C74: 2287.7297 | D74: 2276.4701 | E74: 2259.2711 | F74: 2101.2008 | G74: 2213.3654 | H74: 1764.9314 | I74: Text_886
A75: Text_819 | B75: 12509.097 | C75: 12235.554 | D75: 15597.995 | E75: 14511.396 | F75: 14846.66 | G75: 18559.22 | H75: 20090.523 | I75: 0.071285105
A76: Text_732 | B76: 0.63269486 | C76: -0.014849271 | D76: 0.15239069 | E76: 0.011685356 | F76: 0.095628657 | G76: 0.087668163 | H76: 0.01818906
A77: Text_30 | B77: 5898.0698 | C77: 8216.0783 | D77: 5493.0706 | E77: 5496.1287 | F77: 7649.2286 | G77: 7500.6092 | H77: 7410.4557 | I77: 0.02395448
A78: Text_732 | B78: 0.2422475 | C78: 0.22123033 | D78: -0.18571956 | E78: -0.081234089 | F78: 0.25978093 | G78: 0.17445768 | H78: 0.011704654
A79: Text_821 | B79: 4284.0262 | C79: 9101.622 | D79: 10442.712 | E79: 11298.021 | F79: 12431.404 | G79: 12133.901 | H79: 15890.54 | I79: 0.080512484
A80: Text_732 | B80: 0.53239354 | C80: 0.98948166 | D80: 0.26276947 | E80: 0.060195604 | F80: 0.04572128 | G80: 0.047719737 | H80: 0.021753786
A81: Text_822 | B81: 73876.808 | C81: 71761.74 | D81: 65440.001 | E81: 55613.605 | F81: 60240.255 | G81: 59071.43 | H81: 59501.381 | I81: -0.014058118
A82: Text_732 | B82: 0.39897771 | C82: 0.027028583 | D82: -0.1753912 | E82: -0.066160066 | F82: 0.093486612 | G82: 0.092534706 | H82: 0.017260248
A83: Text_22 | B83: 25245.738 | C83: 17366.667 | D83: 14082.618 | E83: 15994.202 | F83: 17622.843 | G83: 21753.241 | H83: 23342.564 | I83: 0.0063921198
A84: Text_732 | B84: 0.37387947 | C84: -0.11898885 | D84: -0.24219294 | E84: 0.064058016 | F84: 0.18475458 | G84: 0.058298194 | H84: 0.023090721
A85: Text_887 | B85: 21733.27 | C85: 23142.844 | D85: 18676.581 | E85: 19739.396 | F85: 22733.112 | G85: 22424.334 | H85: 25514.724 | I85: 0.02162173
A86: Text_732 | B86: 0.33209897 | C86: 0.051575598 | D86: -0.07578475 | E86: 0.028132021 | F86: 0.021690266 | G86: 0.13003804 | H86: 0.0026903199
A87: Text_26 | B87: 22213.185 | C87: 24093.691 | D87: 21484.267 | E87: 13691.057 | F87: 15541.307 | G87: 14097.125 | H87: 17027.132 | I87: -0.083573538
A88: Text_732 | B88: 0.44841681 | C88: 0.15515478 | D88: -0.18717359 | E88: -0.283948 | F88: 0.042972302 | G88: 0.043692967 | H88: 0.018444262
A89: Text_888 | B89: 5647.9191 | C89: 4958.8555 | D89: 3855.8424 | E89: 4610.268 | F89: 4944.9739 | G89: 6156.7703 | H89: 5644.8727 | I89: 0.037434128
A90: Text_732 | B90: 0.65043584 | C90: 0.020118133 | D90: -0.22204951 | E90: 0.057386058 | F90: 0.20084824 | G90: 0.17631241 | H90: 0.052941286
A91: Text_834 | B91: 102288.16 | C91: 102169.93 | D91: 82099.409 | E91: 94104.634 | F91: 99369.451 | G91: 112478.75 | H91: 115681.55 | I91: 0.01295825
A92: Text_889 | B92: 0.43362153 | C92: 0.082652003 | D92: -0.090813295 | E92: -0.037147389 | F92: 0.099055326 | G92: 0.086888425 | H92: 0.017185194
A93: Text_890
A94: {=A69}
A96: Text_891 | B96: Text_784 | C96: Text_785
A97: Text_857
B98: 2212.4364 | C98: 2081.0297 | D98: 1958.4474 | E98: 2007.8701 | F98: 2240.3875 | G98: 1928.7547 | H98: 2251.784
A99: Text_892 | B99: 0.041228978 | C99: 0.046245593 | D99: 0.034146907 | E99: 0.038727271 | F99: 0.032770144 | G99: 0.031896149 | H99: 0.033681794
A100: Text_893 | B100: 0.072254504 | C100: 0.071960796 | D100: 0.065936111 | E100: 0.064097523 | F100: 0.06965293 | G100: 0.071701093 | H100: 0.073436136
A101: Text_894 | B101: 0.0082863479 | C101: 0.013217006 | D101: 0.016890174 | E101: 0.014634368 | F101: 0.019416566 | G101: 0.018774297 | H101: 0.018049658
A102: Text_895 | B102: 0.22640658 | C102: 0.19092355 | D102: 0.12626737 | E102: 0.13173396 | F102: 0.15554448 | G102: 0.1896388 | H102: 0.19976619
A103: Text_896 | B103: 0.054543149 | C103: 0.041564898 | D103: 0.046434766 | E103: 0.027316424 | F103: 0.030362475 | G103: 0.03272842 | H103: 0.032310072
A104: Text_897 | B104: 0.042744759 | C104: 0.063545949 | D104: 0.087843341 | E104: 0.079129838 | F104: 0.043406904 | G104: 0.0087096837 | H104: 0.0086125356
A105: Text_898 | B105: 0.17484704 | C105: 0.13814572 | D105: 0.10690638 | E105: 0.12007434 | F105: 0.1607193 | G105: 0.15814093 | H105: 0.15911044
A106: Text_899 | B106: 0.061604725 | C106: 0.049775706 | D106: 0.022856749 | E106: 0.020531184 | F106: 0.017098891 | G106: 0.018709304 | H106: 0.018779162
A107: Text_900 | B107: 0.32622879 | C107: 0.37578857 | D107: 0.4827351 | E107: 0.50513011 | F107: 0.44964494 | G107: 0.46291143 | H107: 0.44646192
A108: Text_834 | B108: 1.0420536 | C108: 0.9512003 | D108: 1.0052815 | E108: 1.0240664 | F108: 0.9985018 | G108: 0.9585403 | H108: 1.0472461
A109: Text_901
A110: Text_902
A111: {=A94}
A113: Text_903 | B113: Text_784 | C113: Text_785
A114: Text_858
B115: 2031.9197 | C115: 2091.2654 | D115: 1863.1485 | E115: 2013.98 | F115: 1981.9583 | G115: 1767.6217 | H115: 1787.5061
A116: Text_904 | B116: 0.91693381 | C116: 0.86100008 | D116: 0.86285129 | E116: 0.89744056 | F116: 0.92418724 | G116: 0.86439997 | H116: 0.90892807
A117: Text_905 | B117: 0.10869708 | C117: 0.11062295 | D117: 0.10508018 | E117: 0.10644189 | F117: 0.096179725 | G117: 0.091633453 | H117: 0.097391419
A118: Text_834 | B118: 1.0343993 | C118: 0.97624084 | D118: 0.99217126 | E118: 0.95399225 | F118: 0.99490785 | G118: 1.0077613 | H118: 1.0070907
A119: {=A111}

Sheet Sheet_10
A1: Text_907
A2: Text_908
B4: Text_777
A5: 5-1 | B5: Text_909
A6: 5-2 | B6: Text_910
A7: 5-3 | B7: Text_911
A12: Text_912 | B12: Text_784 | C12: Text_785
A13: Text_909
B14: 1919.4003 | C14: 1910.1024 | D14: 1784.2599 | E14: 1943.1199 | F14: 1781.693 | G14: 2188.037 | H14: 2310.5414 | I14: Text_886
A16: Text_913
A17: Text_914 | B17: 18567.065 | C17: 18247.787 | D17: 21233.007 | E17: 18562.132 | F17: 18044.613 | G17: 21759.8 | H17: 21117.241 | I17: 0.053988518
A18: Text_915 | B18: 0 | C18: 0 | D18: 0 | E18: 0 | F18: 0 | G18: 0 | H18: 0 | I18: 0
A19: Text_916 | B19: 400.25253 | C19: 382.36327 | D19: 327.97721 | E19: 373.95588 | F19: 372.8031 | G19: 419.74201 | H19: 379.94722 | I19: 0.0083329882
A20: Text_917 | B20: 528.7448 | C20: 658.85387 | D20: 688.56049 | E20: 588.32531 | F20: 764.35344 | G20: 900.32927 | H20: 825.37668 | I20: 0.03235384
A21: Text_918 | B21: 17551.235 | C21: 18945.882 | D21: 21014.819 | E21: 20628.815 | F21: 21287.282 | G21: 24806.561 | H21: 23479.755 | I21: 0.050402321
A23: Text_919 | B23: 3536.6122 | C23: 3338.3801 | D23: 4542.8183 | E23: 3778.3666 | F23: 4120.19 | G23: 3929.4132 | H23: 3908.8934 | I23: 0.034121385
A25: Text_920
A26: Text_921 | B26: 609.10799 | C26: 703.72063 | D26: 629.70088 | E26: 515.01625 | F26: 607.2487 | G26: 689.81538 | H26: 653.2545 | I26: -0.010150658
A27: Text_922 | B27: 983.06978 | C27: 1039.3648 | D27: 1043.0596 | E27: 1148.7621 | F27: 1110.0078 | G27: 1243.3344 | H27: 1103.133 | I27: 0.018704009
A28: Text_923 | B28: 338.91461 | C28: 565.01823 | D28: 624.14252 | E28: 488.51484 | F28: 603.70671 | G28: 702.83843 | H28: 692.8818 | I28: 0.070241018
A29: Text_924 | B29: 47.442793 | C29: 83.326572 | D29: 56.416211 | E29: 59.211272 | F29: 58.927121 | G29: 57.986921 | H29: 67.922186 | I29: -0.03929631
A30: Text_925 | B30: 1983.5823 | C30: 2677.6425 | D30: 2553.5024 | E30: 2562.7679 | F30: 2213.7434 | G30: 2834.1502 | H30: 2995.721 | I30: 0.019637645
A32: Text_926
A33: Text_927 | B33: 866.38644 | C33: 905.13355 | D33: 796.76863 | E33: 940.72456 | F33: 942.11278 | G33: 1040.6295 | H33: 1125.1415 | I33: 0.0032741924
A34: Text_928 | B34: 1307.4597 | C34: 1324.2285 | D34: 1242.1036 | E34: 1007.3326 | F34: 1389.3794 | G34: 1204.2508 | H34: 1258.4413 | I34: -0.0035323502
A35: Text_929 | B35: 528.60104 | C35: 585.90202 | D35: 501.26406 | E35: 542.09595 | F35: 509.31697 | G35: 521.19393 | H35: 550.51097 | I35: 0.0063116534
A36: Text_930 | B36: 2378.5364 | C36: 2760.7346 | D36: 2400.0575 | E36: 2116.9569 | F36: 2749.8473 | G36: 3226.3782 | H36: 2594.9645 | I36: 0.00080020222
A38: Text_931
A39: Text_932 | B39: 2645.0823 | C39: 1892.76 | D39: 2391.7278 | E39: 2224.0969 | F39: 2480.4999 | G39: 2288.199 | H39: 2860.0901 | I39: 0.069848002
A40: Text_933 | B40: 1561.0096 | C40: 1799.2002 | D40: 1656.506 | E40: 1354.1871 | F40: 1513.659 | G40: 1847.0084 | H40: 1683.1755 | I40: -0.033728144
A41: Text_934 | B41: 2942.2103 | C41: 3463.8948 | D41: 2470.6991 | E41: 2441.6806 | F41: 2556.9791 | G41: 3269.1206 | H41: 3166.7268 | I41: -0.0082867297
A42: Text_935 | B42: 2134.5982 | C42: 2502.5866 | D42: 1571.6784 | E42: 1785.6092 | F42: 1841.0851 | G42: 2285.321 | H42: 2010.2733 | I42: -0.026886771
A43: Text_936 | B43: 789.34586 | C43: 524.42168 | D43: 796.6277 | E43: 703.33483 | F43: 711.83181 | G43: 807.44129 | H43: 867.82461 | I43: 0.051981033
A44: Text_937 | B44: 5829.7307 | C44: 6467.2989 | D44: 5409.235 | E44: 6387.7363 | F44: 6288.7342 | G44: 6344.8697 | H44: 6326.0405 | I44: -0.0067679559
A45: Text_938 | B45: 12377.757 | C45: 11694.935 | D45: 11131.762 | E45: 9696.7348 | F45: 9492.0619 | G45: 12762.44 | H45: 11462.155 | I45: -0.011447219
A46: Text_939 | B46: 15407.671 | C46: 12294.638 | D46: 10517.793 | E46: 12820.5 | F46: 12130.461 | G46: 12771.088 | H46: 12327.875 | I46: 0.0012304243
A47: Text_940 | B47: 4717.1063 | C47: 4409.128 | D47: 3870.1823 | E47: 4097.5165 | F47: 4212.0339 | G47: 4028.1309 | H47: 5137.5138 | I47: -0.0085016856
A48: Text_941 | B48: 936.4687 | C48: 1346.8442 | D48: 774.27452 | E48: 815.59136 | F48: 865.23864 | G48: 895.08198 | H48: 1044.6152 | I48: -0.051193271
A49: Text_942 | B49: 18.254303 | C49: 22.345652 | D49: 17.409842 | E49: 17.910846 | F49: 17.078929 | G49: 18.865471 | H49: 18.075533 | I49: -0.022642792
A50: Text_943 | B50: 500.85765 | C50: 579.41171 | D50: 465.99184 | E50: 479.66668 | F50: 540.41369 | G50: 697.3721 | H50: 527.38333 | I50: 0.014799257
... A52: Text_945 | B52: 23705.228 | C52: 25871.732 | D52: 17577.24 | E52: 19066.616 | F52: 22662.721 | G52: 18678.291 | H52: 24253.7 | I52: -0.0059309057
A54: Text_946
A55: Text_947 | B55: 8620.0433 | C55: 8452.0021 | D55: 10576.869 | E55: 9204.0941 | F55: 8577.4797 | G55: 10170.049 | H55: 10778.47 | I55: 0.031289175
A56: Text_948 | B56: 10806.276 | C56: 13328.041 | D56: 7633.0903 | E56: 8503.8954 | F56: 9410.0767 | G56: 10120.916 | H56: 9467.8285 | I56: -0.020515577
A57: Text_949 | B57: 22036.256 | C57: 21000.432 | D57: 17985.579 | E57: 16076.463 | F57: 19612.063 | G57: 22633.977 | H57: 21551.481 | I57: 0.0043860134
A58: Text_950 | B58: 779.06845 | C58: 773.20976 | D58: 667.54925 | E58: 565.52403 | F58: 671.35585 | G58: 726.4796 | H58: 776.16423 | I58: -0.0030785066
A59: Text_951 | B59: 238.89927 | C59: 288.37415 | D59: 200.81411 | E59: 191.11165 | F59: 243.23332 | G59: 225.76033 | H59: 222.7055 | I59: -0.017370337
A60: Text_952 | B60: 2682.7677 | C60: 2515.8192 | D60: 2485.992 | E60: 2363.22 | F60: 2572.7404 | G60: 3328.0071 | H60: 2977.8064 | I60: -0.0024559655
A61: Text_953 | B61: 916.62969 | C61: 1178.4492 | D61: 1042.2285 | E61: 981.16386 | F61: 1130.2317 | G61: 1113.8354 | H61: 1023.2821 | I61: 0.0019488577
A62: Text_954 | B62: 11.094747 | C62: 49.733289 | D62: 8.0209239 | E62: 10.319133 | F62: 11.409487 | G62: 10.358314 | H62: 11.003533 | I62: -0.24714359
A63: Text_955 | B63: 4266.6382 | C63: 3748.3 | D63: 2668.3632 | E63: 2892.1624 | F63: 3348.3214 | G63: 3319.3278 | H63: 3863.0014 | I63: -0.010545681
A64: Text_956 | B64: 389.49376 | C64: 471.70024 | D64: 348.63852 | E64: 349.94152 | F64: 405.66805 | G64: 425.9083 | H64: 383.29001 | I64: -0.028114141
A65: Text_957 | B65: 33178.251 | C65: 29717.103 | D65: 24359.718 | E65: 25470.897 | F65: 31531.831 | G65: 28126.174 | H65: 32276.065 | I65: 0.00055765767
A67: Text_958
A68: Text_959 | B68: 2889.2695 | C68: 2703.3527 | D68: 2732.6726 | E68: 2279.3538 | F68: 2949.4653 | G68: 3400.1595 | H68: 2971.294 | I68: 0.011118857
A69: Text_960 | B69: 881.78654 | C69: 1179.5917 | D69: 895.86165 | E69: 847.98348 | F69: 894.71583 | G69: 1311.3902 | H69: 985.29167 | I69: 0.010801216
A70: Text_961 | B70: 3650.8958 | C70: 4303.1114 | D70: 3548.6937 | E70: 3150.2012 | F70: 3627.68 | G70: 3987.471 | H70: 4006.862 | I70: 0.01075426
A72: Text_962
A73: Text_963 | B73: 274.07049 | C73: 394.10057 | D73: 263.20858 | E73: 258.57917 | F73: 333.1655 | G73: 357.74571 | H73: 356.25078 | I73: -0.052272522
A74: Text_964 | B74: 378.4814 | C74: 477.92253 | D74: 437.64939 | E74: 457.72498 | F74: 537.02652 | G74: 590.53444 | H74: 608.82988 | I74: 0.017335112
A75: Text_965 | B75: 1080.6748 | C75: 1259.9457 | D75: 976.83823 | E75: 1179.8851 | F75: 1029.6049 | G75: 1263.032 | H75: 1249.7177 | I75: -0.0027273448
A76: Text_966 | B76: 652.793 | C76: 728.51077 | D76: 723.23244 | E76: 588.82029 | F76: 669.96996 | G76: 782.31663 | H76: 771.38977 | I76: -0.012435289
A77: Text_967 | B77: 2652.0161 | C77: 3653.0255 | D77: 3570.3961 | E77: 4010.0261 | F77: 3528.8254 | G77: 4475.8153 | H77: 4485.4767 | I77: 0.046538286
A78: Text_968 | B78: 590.8736 | C78: 662.90778 | D78: 662.35633 | E78: 698.00038 | F78: 692.24928 | G78: 758.2633 | H78: 752.19739 | I78: 0.013388375
A79: Text_969 | B79: 12.734607 | C79: 12.270486 | D79: 14.440254 | E79: 13.485648 | F79: 16.19548 | G79: 16.473911 | H79: 15.692936 | I79: 0.06563066
A80: Text_970 | B80: 5180.0845 | C80: 8167.4841 | D80: 7383.6919 | E80: 7085.8669 | F80: 6441.1593 | G80: 8431.651 | H80: 8832.2351 | I80: 0.022968485
A81: Text_971 | B81: 751.04897 | C81: 1030.863 | D81: 1016.4979 | E81: 909.63474 | F81: 1036.0522 | G81: 1036.7878 | H81: 1087.4662 | I81: 0.016763177
A82: Text_972 | B82: 1142.4407 | C82: 1379.9446 | D82: 1164.8904 | E82: 1072.1277 | F82: 1257.2541 | G82: 1188.6252 | H82: 1456.6283 | I82: -0.027624682
A83: Text_973 | B83: 37.510476 | C83: 71.825455 | D83: 40.39238 | E83: 49.046431 | F83: 45.821768 | G83: 48.293126 | H83: 43.647735 | I83: -0.096384424
A84: Text_974 | B84: 868.05356 | C84: 1168.7569 | D84: 905.24219 | E84: 728.19387 | F84: 800.13009 | G84: 842.21207 | H84: 954.73885 | I84: -0.006302994
... A92: Text_982 | B92: 11628.797 | C92: 15128.677 | D92: 11559.642 | E92: 11436.999 | F92: 11048.188 | G92: 14218.356 | H92: 15394.885 | I92: 0.0071006247
A94: Text_983
A95: Text_984 | B95: 849.18079 | C95: 1004.1556 | D95: 715.61457 | E95: 606.23011 | F95: 711.80674 | G95: 697.30032 | H95: 656.09078 | I95: -0.041142496
A96: Text_985 | B96: 2237.3343 | C96: 1969.5563 | D96: 1567.245 | E96: 2007.8041 | F96: 1900.1587 | G96: 2020.8513 | H96: 2220.9402 | I96: 0.035434949
A97: Text_986 | B97: 205.99941 | C97: 233.12619 | D97: 150.87468 | E97: 153.69053 | F97: 163.27249 | G97: 171.33023 | H97: 216.31002 | I97: -0.015687323
A98: Text_987 | B98: 2653.0411 | C98: 2564.7293 | D98: 2679.2754 | E98: 2900.1652 | F98: 2671.2135 | G98: 2947.6294 | H98: 3237.1776 | I98: 0.011598672
B99: 0 | C99: 0 | D99: 0 | E99: 0 | F99: 0 | G99: 0 | H99: 0 | I99: 0
A100: Text_988 | B100: 82429.284 | C100: 89464.98 | D100: 96478.287 | E100: 97552.42 | F100: 109859.82 | G100: 109231.68 | H100: 96878.648 | I100: 0.011882343
A101: 0
A103: Text_989 | B103: Text_784 | C103: Text_785
A104: Text_910
B105: 2210.6815 | C105: 2069.7737 | D105: 2094.7872 | E105: 2194.9038 | F105: 2148.4909 | G105: 2229.2837 | H105: 1757.1337
A106: Text_913
A107: Text_914 | B107: 0.27816822 | C107: 0.011083068 | D107: 0.24772608 | E107: -0.15265713 | F107: 0.099800514 | G107: 0.089514496 | H107: 0.021109631
A108: Text_915 | B108: -1.0079793
A109: Text_916 | B109: -0.032325299 | C109: 0.048229642 | D109: -0.16206382 | E109: -0.016760701 | F109: 0.082920213 | G109: 0.14670818 | H109: 0.032364205
A110: Text_917 | B110: 0.47871563 | C110: 0.48606649 | D110: -0.023711016 | E110: 0.008303849 | F110: 0.073572343 | G110: 0.10133035 | H110: 0.012387951
A111: Text_918 | B111: 0.2564124 | C111: 0.024538445 | D111: 0.23461053 | E111: -0.14718152 | F111: 0.098510681 | G111: 0.086642508 | H111: 0.021806916
A113: Text_919 | B113: 0.49687951 | C113: -0.022027349 | D113: 0.10155547 | E113: -0.13197761 | F113: 0.11732072 | G113: 0.0662501 | H113: 0.034708864
A115: Text_920
A116: Text_921 | B116: 0.33805969 | C116: 0.25899136 | D116: -0.19836344 | E116: -0.018391712 | F116: 0.075363196 | G116: 0.084101059 | H116: 0.051123445
A117: Text_922 | B117: 0.49983175 | C117: 0.089160193 | D117: -0.020993352 | E117: -0.07013636 | F117: 0.066006833 | G117: 0.072551095 | H117: 0.054161969
A118: Text_923 | B118: -0.2158805 | C118: 0.47808457 | D118: 0.083618541 | E118: -0.0033574408 | F118: 0.067738618 | G118: 0.045955152 | H118: 0.1486833
A119: Text_924 | B119: 0.54599979 | C119: 0.36733819 | D119: -0.27860252 | E119: -0.0033992322 | F119: 0.072516791 | G119: 0.079286257 | H119: -0.007286657
A120: Text_925 | B120: 0.26614426 | C120: 0.21280171 | D120: -0.064615394 | E120: -0.040654868 | F120: 0.068196454 | G120: 0.067838469 | H120: 0.07427037
A122: Text_926
A123: Text_927 | B123: 0.64760152 | C123: 0.080297989 | D123: -0.12999929 | E123: -0.030661862 | F123: 0.096132997 | G123: 0.082830755 | H123: 0.0078629748
A124: Text_928 | B124: 0.68773524 | C124: 0.13281844 | D124: -0.17542355 | E124: -0.0035579423 | F124: 0.10243346 | G124: 0.070857456 | H124: 0.0097269728
A125: Text_929 | B125: 1.0994733 | C125: 0.038871488 | D125: -0.10307678 | E125: -0.0085494153 | F125: 0.096670514 | G125: 0.081850398 | H125: -0.02581163
A126: Text_930 | B126: 0.74440105 | C126: 0.096772466 | D126: -0.13815067 | E126: -0.013924173 | F126: 0.1013671 | G126: 0.076352031 | H126: 0.0016146549
...
